Filename,RMS,Kurtosis,Peak_to_Peak,Crest_Factor,Skewness,Max_FFT_Peak,Cycle,RUL_Cycles,Health_State
2004.02.12.10.32.39,0.07417899856512623,0.6287626426442561,0.8400000000000001,6.120329845085568,0.08399343541253215,0.04230153733086346,0,983,Normal
2004.02.12.10.42.39,0.07538245681139528,0.6482910813108549,0.757,5.147085475071606,0.05214190733133261,0.035461123090476936,1,982,Normal
2004.02.12.10.52.39,0.07622977446919937,0.5134753088232071,0.903,6.598470709349009,0.03280799811503519,0.03378065594557981,2,981,Normal
2004.02.12.11.02.39,0.07872367646602975,1.1579527230048088,1.184,7.723215556760793,0.04148596171613033,0.03496961189874059,3,980,Normal
2004.02.12.11.12.39,0.07847429073677968,0.6031769286310373,0.782,4.9825228938515975,0.02822394436819329,0.03189050198647205,4,979,Normal
2004.02.12.11.22.39,0.07831464139380724,0.45609362146286436,0.8049999999999999,5.605592212783751,0.02685297230141105,0.029377521495200388,5,978,Normal
2004.02.12.11.32.39,0.07863244325857172,0.4786149756059883,0.796,5.188697326514151,0.05859457915072469,0.04277308146260565,6,977,Normal
2004.02.12.11.42.39,0.07777288022464836,0.4719824550317817,0.749,5.336049602904884,0.0825818179550488,0.037877641579378965,7,976,Normal
2004.02.12.11.52.39,0.07902942984262255,0.404514320897305,0.747,4.884255800985958,-0.008060293710742156,0.03653000410918695,8,975,Normal
2004.02.12.12.02.39,0.07571755989830316,0.32520331504832,0.722,4.9922362868709955,0.04632106694487997,0.03025358804155373,9,974,Normal
2004.02.12.12.12.39,0.07924111648011797,0.4552119318712826,0.815,5.237179460139625,0.03351974676189382,0.039521850440822445,10,973,Normal
2004.02.12.12.22.39,0.077638908086269,0.6415150749455005,0.913,6.105185539465037,0.019565298132388165,0.027801052178730135,11,972,Normal
2004.02.12.12.32.39,0.07740458087623109,0.3647260382142652,0.778,5.167652144038779,0.025770055100995167,0.04165626889037469,12,971,Normal
2004.02.12.12.42.39,0.07986468720103242,0.5982531546782233,0.852,5.40914841150134,0.036749791511127325,0.028861813580789195,13,970,Normal
2004.02.12.12.52.39,0.07921698007145074,0.5511103583412886,0.8049999999999999,5.327140044318421,0.024887726210298083,0.03235497796091175,14,969,Normal
2004.02.12.13.02.39,0.07866177721938719,0.5530516614826197,0.725,4.71639423809789,-0.01348361399462306,0.04268133348766211,15,968,Normal
2004.02.12.13.12.39,0.07845338360094803,0.47996609907349486,0.8200000000000001,5.595678910117856,0.01645553133519379,0.04179024121395028,16,967,Normal
2004.02.12.13.22.39,0.07762277416041877,0.4477488811593342,0.849,5.719970042332023,0.02039051089838273,0.037721764511427,17,966,Normal
2004.02.12.13.32.39,0.07782555832949016,0.34144531637324205,0.761,5.203945293214581,0.003513831143354892,0.032829879640084984,18,965,Normal
2004.02.12.13.42.39,0.07893316063389487,0.5964296522845243,0.874,5.967073110297014,-0.03212357182340833,0.037306938908035873,19,964,Normal
2004.02.12.13.52.39,0.07902854786058722,0.5063801110635779,0.8029999999999999,5.2512662667094805,0.06155298503420976,0.04016259026501478,20,963,Normal
2004.02.12.14.02.39,0.07936328499916934,0.3844068433999399,0.742,4.800707934366734,0.037744146441618366,0.03230602294241832,21,962,Normal
2004.02.12.14.12.39,0.07948672040475141,0.4149724425540562,0.6859999999999999,4.327766386267625,0.019707753869455672,0.032384961801175366,22,961,Normal
2004.02.12.14.22.39,0.07975294340914243,0.5200740317916859,0.759,4.927717196676865,-0.03851889509533163,0.03001801404830913,23,960,Normal
2004.02.12.14.32.39,0.07938138784581765,0.4846810415588352,0.85,5.505068087220943,-0.036549177114067834,0.03353490082742237,24,959,Normal
2004.02.12.14.42.39,0.07759187944533484,0.3099755507638151,0.7130000000000001,5.219617706117742,0.0266197723662214,0.04159585954728123,25,958,Normal
2004.02.12.14.52.39,0.07774099563514575,0.36804211992333746,0.732,4.990931064372417,0.0013370289616362577,0.041919991799336996,26,957,Normal
2004.02.12.15.02.39,0.07751394405806931,0.40420833824649316,0.769,5.160361187359135,-0.0326706483190684,0.035191939398006924,27,956,Normal
2004.02.12.15.12.39,0.07827954401833694,0.3419917127536731,0.735,4.99491859532578,0.03369687604185462,0.043242292240173674,28,955,Normal
2004.02.12.15.22.39,0.07886118143611597,0.5350200636292444,0.871,6.188088096479243,-0.006817488878259659,0.039777171936837386,29,954,Normal
2004.02.12.15.32.39,0.07858236746600665,0.4890447103350155,0.803,5.12837627207615,-0.0026227136240164137,0.04081470130418464,30,953,Normal
2004.02.12.15.42.39,0.08023091764702917,0.4867117699711172,0.774,4.935752478672273,0.02306220757724868,0.043041507887302814,31,952,Normal
2004.02.12.15.52.39,0.07742107025313345,0.5086729705515918,0.732,5.011554976130633,-0.01826627067833771,0.028737475343830816,32,951,Normal
2004.02.12.16.02.39,0.07901612461528817,0.40449241574751404,0.74,4.758521811154894,0.029730785177960038,0.02825034309429016,33,950,Normal
2004.02.12.16.12.39,0.07823475415576188,0.40668092875128226,0.6619999999999999,4.588752888488898,-0.014541133659960096,0.03056735705468427,34,949,Normal
2004.02.12.16.22.39,0.07812870584960675,0.4218788787843972,0.71,4.556583275799379,-0.011723759566206884,0.03152624766936787,35,948,Normal
2004.02.12.16.32.39,0.07686189103169887,0.409627806173567,0.76,5.373273292182473,-0.012802938401103163,0.04563947322210108,36,947,Normal
2004.02.12.16.42.39,0.07986518700725069,0.5706517890996232,0.8089999999999999,5.722142023371088,-0.009777100151057361,0.04088088462949399,37,946,Normal
2004.02.12.16.52.39,0.07742917473155306,0.35696928410462325,0.734,4.881880150366116,0.04514825783681482,0.044825874841746854,38,945,Normal
2004.02.12.17.02.39,0.0784612560514543,0.6561008820895786,0.896,6.347080859916477,-0.000504141721927954,0.04076591467472009,39,944,Normal
2004.02.12.17.12.39,0.0785959604559929,0.5058926832599493,0.725,4.720343776500967,-0.03750214704176657,0.04355261522310365,40,943,Normal
2004.02.12.17.22.39,0.07866142681365101,0.45311400755295494,0.747,4.996094858157972,-0.008567194109819452,0.0406702302793882,41,942,Normal
2004.02.12.17.32.39,0.07762854039078106,0.4307640222326752,0.779,5.783954456701049,0.04469583003677711,0.03356800973361931,42,941,Normal
2004.02.12.17.42.39,0.07820874324224403,0.488396336752809,0.749,5.306311413948484,-0.00635618800427185,0.04155527451544188,43,940,Normal
2004.02.12.17.52.39,0.07808856431612202,0.5367816627512911,0.913,6.0060002901496325,0.030868202418370145,0.0449199447263362,44,939,Normal
2004.02.12.18.02.39,0.07648226248359404,0.45767000589970763,0.705,4.720048035673063,0.018150122530682534,0.036746701366182986,45,938,Normal
2004.02.12.18.12.39,0.07891327536794347,0.3564760255027606,0.6890000000000001,4.612658037272211,0.06839076596299971,0.045599514040521996,46,937,Normal
2004.02.12.18.22.39,0.07732266473953077,0.49828610176171706,0.752,5.121395519929516,0.014921276074399692,0.03971299410569096,47,936,Normal
2004.02.12.18.32.39,0.07824754763529333,0.3297582489932256,0.764,5.303679917196744,0.02582433830481776,0.04556374312342766,48,935,Normal
2004.02.12.18.42.39,0.0769698265505305,0.4243128403754697,0.771,5.261801481598815,0.04660765159645516,0.04183114345196848,49,934,Normal
2004.02.12.18.52.39,0.07847964256337435,0.5533985473990728,0.792,5.04589389816959,-0.041870852127814204,0.043681672265561015,50,933,Normal
2004.02.12.19.02.39,0.07853956351488958,0.5791138307510244,0.8300000000000001,5.436749665046871,-0.023830270412440426,0.04319585944879802,51,932,Normal
2004.02.12.19.12.39,0.07938090836770041,0.6276825132083981,0.9930000000000001,6.701862499696999,0.013215485169117754,0.03590484548064552,52,931,Normal
2004.02.12.19.22.39,0.07691333012919477,0.3985078570542333,0.738,5.01863525042104,-0.047841962943301286,0.04232562653965583,53,930,Normal
2004.02.12.19.32.39,0.07662792325938943,0.42524278547334626,0.793,5.220028558593376,0.015918091365504337,0.043005465562131834,54,929,Normal
2004.02.12.19.42.39,0.07833920727505721,0.613387552300388,0.7909999999999999,5.642129387738094,0.05082672091478196,0.033904990628019833,55,928,Normal
2004.02.12.19.52.39,0.07738031364276786,0.4843217611881623,0.813,5.957586868313469,-0.010552538081734168,0.04267997457116632,56,927,Normal
2004.02.12.20.02.39,0.07742347280137335,0.44941512079219237,0.835,5.838022052812928,0.007369960546107664,0.03970607484867539,57,926,Normal
2004.02.12.20.12.39,0.07599751100981861,0.2985831400319756,0.694,4.56593840679578,-0.006799371971470119,0.04281440741068591,58,925,Normal
2004.02.12.20.22.39,0.07812885896719358,0.3479309532451049,0.737,4.966154062244543,0.01652104161192016,0.04544867749166809,59,924,Normal
2004.02.12.20.32.39,0.0786632849704597,0.41299062915361917,0.7789999999999999,5.250225027506072,-0.0018897816381499523,0.040220363768832555,60,923,Normal
2004.02.12.20.42.39,0.07712632634090483,0.3950734414213919,0.669,4.434282972917728,0.008946704887335467,0.04560553225205501,61,922,Normal
2004.02.12.20.52.39,0.07930147000233508,0.47239362493033044,0.777,4.930551106845507,-0.011074794184598856,0.04260660190867474,62,921,Normal
2004.02.12.21.02.39,0.0769426198413264,0.3944622448109758,0.7689999999999999,5.302652129793209,-0.0011731127230121612,0.032219852397867996,63,920,Normal
2004.02.12.21.12.39,0.0771994016001541,0.37800827777844237,0.774,5.025945042296483,0.033382874199999316,0.04160564322874182,64,919,Normal
2004.02.12.21.22.39,0.07699636792620886,0.43648657223523335,0.752,4.948284714965938,0.04034053299808251,0.0446622121322508,65,918,Normal
2004.02.12.21.32.39,0.0774460721521555,0.4911372191123604,0.8420000000000001,5.9267039370464145,0.042398720223168776,0.039964419252243595,66,917,Normal
2004.02.12.21.42.39,0.07664165646604577,0.34600497216470494,0.7130000000000001,5.127759065287407,0.049906451631291544,0.04415035284995272,67,916,Normal
2004.02.12.21.52.39,0.07695564843578329,0.4469901117158317,0.755,5.015875477462169,-0.012696409772231583,0.041053905452740874,68,915,Normal
2004.02.12.22.02.39,0.0773247059887718,0.4880416166718633,0.825,5.742019150312465,0.04372833456528373,0.042578722634401434,69,914,Normal
2004.02.12.22.12.39,0.07577292447823547,0.5881648615563315,0.861,6.598662219471213,0.031751568058823273,0.04037481153414921,70,913,Normal
2004.02.12.22.22.39,0.07668913124793174,0.3623983965568214,0.74,5.098505389908054,0.032043297481202375,0.039468604845770285,71,912,Normal
2004.02.12.22.32.39,0.07740031675131004,0.5401611783934817,0.8029999999999999,5.671810681245861,0.003730982269551857,0.04302202005158539,72,911,Normal
2004.02.12.22.42.39,0.07795509180220767,0.3260740035745182,0.781,5.10550292153847,-0.030949995995736067,0.04401220864211769,73,910,Normal
2004.02.12.22.52.39,0.07882041185009597,0.3948251135159331,0.769,5.544248428803201,-0.0051681301375093355,0.02929780425817509,74,909,Normal
2004.02.12.23.02.39,0.07756062271096398,0.34016117779744404,0.7250000000000001,4.938072145791806,0.010694172240866773,0.04366155438981967,75,908,Normal
2004.02.12.23.12.39,0.07689052656973988,0.44613462626943345,0.694,4.57793657976018,-0.052644835621481596,0.03364906881712706,76,907,Normal
2004.02.12.23.22.39,0.07824627430976747,0.4445772787585356,0.854,5.52102893844473,-0.009280108908770554,0.042660303824688356,77,906,Normal
2004.02.12.23.32.39,0.07672532972039368,0.6543006059840124,0.808,5.408904040208408,0.024579423944552783,0.04395765194854785,78,905,Normal
2004.02.12.23.42.39,0.07738254866499697,0.3863550827223339,0.786,5.518039301964153,-0.02260819240915229,0.041610425308718196,79,904,Normal
2004.02.12.23.52.39,0.07699061808712475,0.44905515943385366,0.71,4.688882386976793,0.031174289420170507,0.04263843542156066,80,903,Normal
2004.02.13.00.02.39,0.07482262488921716,0.30274620550562537,0.706,4.931662732090945,0.013691470350722127,0.03904257428243516,81,902,Normal
2004.02.13.00.12.39,0.07733855853789073,0.58162761268939,0.904,5.909082733747529,-0.02619621263278169,0.043006134855429146,82,901,Normal
2004.02.13.00.22.39,0.07679397533945942,0.3194399375811279,0.716,4.870173078617731,0.006857906365208835,0.03977860399688679,83,900,Normal
2004.02.13.00.32.39,0.077721765308917,0.43935923864966187,0.754,5.403890973033571,0.007062047350268264,0.03674658930000937,84,899,Normal
2004.02.13.00.42.39,0.0773589786144157,0.5730646490077822,0.781,5.713621751223803,0.0526889549680283,0.037319003329944554,85,898,Normal
2004.02.13.00.52.39,0.07689176995692956,0.26313045713724614,0.755,5.241132410066953,-0.01355067737781813,0.04351946623818736,86,897,Normal
2004.02.13.01.02.39,0.07492218065631082,0.44095646881747097,0.718,4.791637789221008,-0.00497322787096181,0.026347895330536095,87,896,Normal
2004.02.13.01.12.39,0.07763068115281484,0.6069125322892983,0.872,5.82243946675993,0.05105431945917985,0.038864636361602145,88,895,Normal
2004.02.13.01.22.39,0.07778453061583003,0.42031091089811445,0.721,4.808153355911018,-0.01411826536671661,0.035446466595529275,89,894,Normal
2004.02.13.01.32.39,0.07858931119423541,0.3801399430969199,0.771,5.000679405649668,-0.04865005906612907,0.028503041083135217,90,893,Normal
2004.02.13.01.42.39,0.07599053317889341,0.3464396355508277,0.732,4.94798410790193,-0.019641247862199823,0.030953292463924,91,892,Normal
2004.02.13.01.52.39,0.07671097179256287,0.358155992917113,0.718,5.0318740678329155,-0.00570154133831129,0.03871761678423288,92,891,Normal
2004.02.13.02.02.39,0.07504429291050387,0.35354929352836173,0.767,5.663321311770267,-0.02361848578514314,0.03428778318577286,93,890,Normal
2004.02.13.02.12.39,0.07824627774193958,0.5428820813815229,0.755,5.1504040847166515,0.02389127430634648,0.02635756583785572,94,889,Normal
2004.02.13.02.22.39,0.07745035456261644,0.5008486498061995,0.764,5.4228279282073855,0.021631831526954567,0.039778573329484514,95,888,Normal
2004.02.13.02.32.39,0.07831602988602893,0.5366345309682168,0.845,5.579955276543012,-0.0037356983017462478,0.03426901063136882,96,887,Normal
2004.02.13.02.42.39,0.07656014919860397,0.3892193620919868,0.8029999999999999,5.799360981580823,0.01059267022142343,0.03447517525023185,97,886,Normal
2004.02.13.02.52.39,0.0776802038005823,0.45086148262336545,0.759,4.904723884747392,0.012000841891185068,0.028272382362614912,98,885,Normal
2004.02.13.03.02.39,0.07571563009461785,0.39253390254036225,0.774,5.230095123083417,-0.012775323005232129,0.03778788685500666,99,884,Normal
2004.02.13.03.12.39,0.07794620572117751,0.5248632368505843,0.749,4.977791370756474,0.03296497595720993,0.036929739839494845,100,883,Normal
2004.02.13.03.22.39,0.07659392690463046,0.4165630099460307,0.75,4.974284067345895,-0.06115951499883136,0.03572978588498881,101,882,Normal
2004.02.13.03.32.39,0.07639991985536536,0.4453741256774362,0.867,6.138749091627123,-0.04788269964002148,0.03750538396404671,102,881,Normal
2004.02.13.03.42.39,0.07663180186215528,0.4007797505176063,0.7010000000000001,4.841331439054997,-0.018045275410609674,0.030947136034737168,103,880,Normal
2004.02.13.03.52.39,0.07728281753869194,0.5316575196159739,0.833,5.654555014582177,0.041805559904288914,0.04081295024100262,104,879,Normal
2004.02.13.04.02.39,0.0776406155665118,0.4422063380916792,0.7889999999999999,5.473938378251711,-0.002657138132887252,0.0392060360822368,105,878,Normal
2004.02.13.04.12.39,0.0768205504579097,0.43609996973448073,0.8029999999999999,5.532373071306337,-0.0015293163511521765,0.0417807550534172,106,877,Normal
2004.02.13.04.22.39,0.07606189688801565,0.4773209140232182,0.786,5.521817913641808,0.016751148389582894,0.04032758325449239,107,876,Normal
2004.02.13.04.32.39,0.07604057915175538,0.4479454656885884,0.708,4.852671502368045,0.035843413948331175,0.04344728800115786,108,875,Normal
2004.02.13.04.42.39,0.07735977517064747,0.41835620351561786,0.745,4.925039530029129,0.03500325002144156,0.0374553060524015,109,874,Normal
2004.02.13.04.52.39,0.07650372776099296,0.47653814406220185,0.6950000000000001,4.71872369331559,-0.005769643314559997,0.03999887557522053,110,873,Normal
2004.02.13.05.02.39,0.07627544849405181,0.387836383529768,0.718,4.772177148281394,-0.02038468357291256,0.03134147642152086,111,872,Normal
2004.02.13.05.12.39,0.07797731008871667,0.4254419235589375,0.766,5.347708789242425,-0.009992832870421912,0.03662047368949504,112,871,Normal
2004.02.13.05.22.39,0.0760653325402126,0.450632419481404,0.782,5.429542367230701,-0.021145094206746342,0.03646332950895959,113,870,Normal
2004.02.13.05.32.39,0.07680503453601284,0.4783552562370219,0.726,4.869471819974487,0.03110930720074883,0.03455636187695087,114,869,Normal
2004.02.13.05.42.39,0.07551238321978224,0.39842733314306056,0.7569999999999999,5.403086600798065,-0.027523553818598803,0.039047815277053255,115,868,Normal
2004.02.13.05.52.39,0.07894839654107137,0.5276336298870357,0.896,5.725258048936755,0.058831375132477645,0.04272499714989447,116,867,Normal
2004.02.13.06.02.39,0.07721538210988145,0.48623241964420183,0.766,5.0249048719179745,0.0059385764986372176,0.03723829016831975,117,866,Normal
2004.02.13.06.12.39,0.07775822278664488,0.5105274416299461,0.776,5.054127208347494,-0.02518303589598402,0.03744495782739254,118,865,Normal
2004.02.13.06.22.39,0.07727334295376381,0.6148985783371206,0.825,5.39642689310389,-0.02576823183550407,0.036395046785552825,119,864,Normal
2004.02.13.06.32.39,0.07669008183816046,0.4040831221348422,0.832,5.502666509913028,0.020313258117192038,0.04202294983013534,120,863,Normal
2004.02.13.06.42.39,0.07812782526141454,0.5378888733945129,0.788,5.183811872489187,-0.03198501257192973,0.03934561205352371,121,862,Normal
2004.02.13.06.52.39,0.07781836762515486,0.40024557667388017,0.798,5.615640075471574,-0.015359631777634424,0.04300167228412243,122,861,Normal
2004.02.13.07.02.39,0.07918462868462461,0.45079434863515155,0.74,4.811539287530769,-0.020519835462744097,0.03894553548801156,123,860,Normal
2004.02.13.07.12.39,0.07639264641168841,0.3466352920025497,0.708,4.791036431925941,0.010150521142345796,0.042786324006086326,124,859,Normal
2004.02.13.07.22.39,0.07713871940374692,0.44450532856110847,0.784,5.574372346080065,-0.0300330118978725,0.04135612918596958,125,858,Normal
2004.02.13.07.32.39,0.07619743481420897,0.33801379859629943,0.752,4.934548670454697,-0.014486936382795015,0.04223538014050451,126,857,Normal
2004.02.13.07.42.39,0.07634856558440947,0.47145812634496664,0.73,4.898585168580035,0.02541112143439293,0.031895247032327705,127,856,Normal
2004.02.13.07.52.39,0.076352099612482,0.3800510420069867,0.72,5.2388860246319675,-0.00911817288507245,0.03864534351426164,128,855,Normal
2004.02.13.08.02.39,0.07497011253451272,0.3385783303104972,0.6839999999999999,4.628510508839805,-0.0058858934138351264,0.03570756445773654,129,854,Normal
2004.02.13.08.12.39,0.07599478131496513,0.24450732740910164,0.662,4.368720464327685,-0.028211285443517607,0.0401288840384342,130,853,Normal
2004.02.13.08.22.39,0.07637512818370995,0.6446447698043443,0.884,6.075275423841611,0.03505867031403005,0.04206820989914811,131,852,Normal
2004.02.13.08.32.39,0.0761586642390206,0.34681160295797664,0.711,4.779494964127163,-0.03312087227838002,0.0416851223388777,132,851,Normal
2004.02.13.08.42.39,0.07675040716504376,0.4102122577509011,0.757,5.029288624841573,-0.000749308395723379,0.04245224109506428,133,850,Normal
2004.02.13.08.52.39,0.07775600390052285,0.5009742049448347,0.7929999999999999,5.710169255435745,-0.040489837293660735,0.03997462117184758,134,849,Normal
2004.02.13.09.02.39,0.07829207447616425,0.5043214057082972,0.752,5.1473913703586724,-0.010466708749160945,0.03911785123601674,135,848,Normal
2004.02.13.09.12.39,0.0777104419815558,0.36575096348616176,0.767,5.095839618768254,0.03004331626247216,0.03779760828582429,136,847,Normal
2004.02.13.09.22.39,0.0764751437227932,0.414344141995989,0.71,4.720487405733779,-0.013216609424075277,0.038074462761919066,137,846,Normal
2004.02.13.09.32.39,0.07780436422076126,0.6014461458186253,0.827,5.3595958347638515,0.01222731054152469,0.03442357230996309,138,845,Normal
2004.02.13.09.42.39,0.07521345503538164,0.30698502024014074,0.6559999999999999,4.573649144314476,0.005750047966008048,0.04209512289766394,139,844,Normal
2004.02.13.09.52.39,0.0767870829209941,0.41097110395467995,0.698,4.701310939996534,0.014519336533486669,0.03134271213539811,140,843,Normal
2004.02.13.10.02.39,0.0774211301679611,0.505432538984969,0.825,5.670285907022457,0.011219183120541206,0.041002022088135415,141,842,Normal
2004.02.13.10.12.39,0.07658231248752874,0.6014717502352931,0.915,6.724789524160313,-0.04625679727988908,0.04044378247019728,142,841,Normal
2004.02.13.10.22.39,0.07677764732593889,0.2859746134143255,0.679,4.832134932497605,-0.019917278409343143,0.04448701929554641,143,840,Normal
2004.02.13.10.32.39,0.07591135480982078,0.37370992394610836,0.751,5.493248620212556,-0.04568723135225671,0.04114933903261046,144,839,Normal
2004.02.13.10.42.39,0.07588479877779788,0.5015377766649429,0.7809999999999999,5.6005939376412455,0.04177503327014094,0.0432146447713296,145,838,Normal
2004.02.13.10.52.39,0.0760569816198684,0.31566591755670315,0.725,5.009401396050896,0.011329480313241531,0.04325401127380422,146,837,Normal
2004.02.13.11.02.39,0.07562556107746408,0.41613074153885377,0.8180000000000001,5.976814370591815,0.04122256100746641,0.03790439885944135,147,836,Normal
2004.02.13.11.12.39,0.07621096753266964,0.44214869250180344,0.681,4.736850407741442,0.0020508795778689656,0.040424863633262406,148,835,Normal
2004.02.13.11.22.39,0.07680135350624119,0.38489171953619294,0.735,5.0519936403013155,-0.01024159854582072,0.044390683591320944,149,834,Normal
2004.02.13.11.32.39,0.07515800641138891,0.4884129775588759,0.7450000000000001,5.362036137224775,0.04631289873667939,0.03897435391607439,150,833,Normal
2004.02.13.11.42.39,0.07893970887150997,0.530290575512856,0.913,5.9032386568098545,0.016785012753118174,0.040300103662488124,151,832,Normal
2004.02.13.11.52.39,0.07692398274331452,0.47765998914584573,0.757,5.6549326742767905,0.035600505657637144,0.03761990487775632,152,831,Normal
2004.02.13.12.02.39,0.07649164163641918,0.4558731292846363,0.742,4.915569110563943,-0.007074092433679146,0.04052219160913442,153,830,Normal
2004.02.13.12.12.39,0.07650745183017714,0.2582723095291377,0.662,4.470152215468003,-0.028724664366175462,0.03963805655153222,154,829,Normal
2004.02.13.12.22.39,0.07739848852135696,0.37563304390008767,0.725,4.767534345620154,-0.01472381303624934,0.03641791913774055,155,828,Normal
2004.02.13.12.32.39,0.0784800631530072,0.6057349862672048,0.877,5.695713345329264,-0.02623395190698897,0.0361164618886694,156,827,Normal
2004.02.13.12.42.39,0.07904600278724172,0.5919121753524377,0.813,5.376615277786616,-0.0141927048789222,0.035816507667927176,157,826,Normal
2004.02.13.12.52.39,0.076684854401187,0.3698641949707917,0.7030000000000001,4.8119013169212606,-0.002826481500195206,0.0316050652028528,158,825,Normal
2004.02.13.13.02.39,0.07731124506358211,0.37357319475457196,0.786,5.2773687306518795,-0.05068587528340846,0.04146820174251134,159,824,Normal
2004.02.13.13.12.39,0.07651273988842887,0.34310003047300874,0.6739999999999999,4.5351918537236795,-0.01763617639823157,0.03967001609727078,160,823,Normal
2004.02.13.13.22.39,0.07853164575357902,0.42456212283226824,0.756,4.813345604046722,0.021152394322048528,0.035647134145047256,161,822,Normal
2004.02.13.13.32.39,0.07695335881944174,0.5118109145356007,0.7769999999999999,5.301912135351787,0.03787975052396436,0.027831707575109384,162,821,Normal
2004.02.13.13.42.39,0.0773624014758421,0.528245856584737,0.81,5.519476343279953,-0.02761967238439828,0.0388958061888035,163,820,Normal
2004.02.13.13.52.39,0.07617467014102358,0.32545433705002935,0.666,4.384659041320026,-0.0323410589672767,0.02906581248769476,164,819,Normal
2004.02.13.14.02.39,0.07762221305131911,0.4408628476384644,0.756,5.655596847693474,-0.055859393045842275,0.0434176378393722,165,818,Normal
2004.02.13.14.12.39,0.0772534147328817,0.4886392346942525,0.786,5.682595969278066,-0.04889822218189309,0.03359151430044623,166,817,Normal
2004.02.13.14.22.39,0.07768636614216809,0.5379390953077108,0.8300000000000001,5.650926479008605,-0.05270004491977996,0.02775598553522043,167,816,Normal
2004.02.13.14.32.39,0.07781753999741961,0.4370585910735878,0.7350000000000001,5.050274649009532,0.0077250140534917,0.03607210737071611,168,815,Normal
2004.02.13.14.42.39,0.07728229123843638,0.2541945515228283,0.703,4.580608940562163,0.019673441485685984,0.041538598264746956,169,814,Normal
2004.02.13.14.52.39,0.0763878511845552,0.3353471347991004,0.8280000000000001,5.655348811983045,-0.0031704705787563136,0.03899704729726438,170,813,Normal
2004.02.13.15.02.39,0.07818466596582414,0.38044274489673047,0.874,5.614911036938932,0.0002416790573314904,0.03635879071867451,171,812,Normal
2004.02.13.15.12.39,0.07616144415760429,0.3194051922040413,0.6779999999999999,4.516720482885549,-0.036797344466560855,0.04075041269719856,172,811,Normal
2004.02.13.15.22.39,0.07534258573084265,0.29167710632176735,0.7010000000000001,5.0569003669730455,0.005130002664973777,0.04269467234661219,173,810,Normal
2004.02.13.15.32.39,0.07689426810105468,0.40955980925092783,0.715,4.668747907720795,-0.007305914761699964,0.043355916252507204,174,809,Normal
2004.02.13.15.42.39,0.07548419678875672,0.3288086624212525,0.671,4.557244682489508,-0.0009185564863228536,0.04184763577507207,175,808,Normal
2004.02.13.15.52.39,0.0782630183983989,0.43988049954761266,0.972,6.33760295442576,0.021390090648986972,0.03334838503988834,176,807,Normal
2004.02.13.16.02.39,0.07547406975298288,0.34317254858303947,0.757,5.074589862552954,0.010588197268036904,0.04246630595091012,177,806,Normal
2004.02.13.16.12.39,0.07556067544581722,0.4429353349113323,0.771,5.359930201935714,0.004951610930904509,0.04232989299097649,178,805,Normal
2004.02.13.16.22.39,0.07667824796470966,0.4250634087395855,0.745,4.968813978212066,0.03221554215244005,0.042036386874047135,179,804,Normal
2004.02.13.16.32.39,0.07675079237935838,0.7083040858036118,0.887,6.683969210698025,0.02506499217712396,0.037738133662531655,180,803,Normal
2004.02.13.16.42.39,0.07611983831535804,0.34371284005047764,0.722,4.742521273878632,-0.017619679638583893,0.0435173533111828,181,802,Normal
2004.02.13.16.52.39,0.07516506282789814,0.26731500595413404,0.669,4.549985613438585,0.016945652480951253,0.0399958275163195,182,801,Normal
2004.02.13.17.02.39,0.07809152470318882,0.3541207352122204,0.656,4.277032091499686,0.00788222703638921,0.035922376974010004,183,800,Normal
2004.02.13.17.12.39,0.07635685583884233,0.4990925057617095,0.8049999999999999,5.592162476930626,0.00838526534281565,0.04382572439417992,184,799,Normal
2004.02.13.17.22.39,0.07786806061076165,0.349412751660938,0.755,4.892891232717206,-0.00726879687814854,0.041551755112621214,185,798,Normal
2004.02.13.17.32.39,0.07661025105301672,0.4160923963921235,0.745,5.129861125626913,-0.005783317921043904,0.03678357029725274,186,797,Normal
2004.02.13.17.42.39,0.07899964213229861,0.6273356080180288,0.8180000000000001,5.341795673901043,0.0020776462340994987,0.028904596407275662,187,796,Normal
2004.02.13.17.52.39,0.07538985427067177,0.5084444464835771,0.781,5.305753019582082,0.02934055695804639,0.03314427604015508,188,795,Normal
2004.02.13.18.02.39,0.07723122433134638,0.4005096065091718,0.7030000000000001,4.713119026925364,0.001504402071981427,0.038606517065709195,189,794,Normal
2004.02.13.18.12.39,0.07531071120800978,0.2905308522713739,0.7230000000000001,5.059040650369953,-0.019873256649079945,0.04274949133547517,190,793,Normal
2004.02.13.18.22.39,0.07813312239027137,0.5664490782766274,0.872,6.1305618416450685,0.046206706261909834,0.040217377601858166,191,792,Normal
2004.02.13.18.32.39,0.07744816468381045,0.2876786871169621,0.6890000000000001,4.544974771026864,0.0020209516267208822,0.04326255095088421,192,791,Normal
2004.02.13.18.42.39,0.07761624000742773,0.5162164874021524,0.83,5.411237981219227,-0.010304847983907822,0.04028499579910633,193,790,Normal
2004.02.13.18.52.39,0.0777373661484818,0.3658649197381023,0.752,4.901117311604051,0.026530861432519353,0.044193340652408854,194,789,Normal
2004.02.13.19.02.39,0.07657840332279559,0.5125468703141571,0.798,5.288696676083273,-0.019851269286148533,0.03117926054555403,195,788,Normal
2004.02.13.19.12.39,0.07618282421306082,0.381054399079956,0.793,5.316158215738405,0.001985614560844308,0.03656671863615299,196,787,Normal
2004.02.13.19.22.39,0.07527411495867953,0.4514792731300825,0.874,6.097712862845771,-0.00922798812746794,0.03744320318973029,197,786,Normal
2004.02.13.19.32.39,0.07653573894552466,0.35252962681830136,0.754,5.200184299277999,-0.11389563223107593,0.039823559127408314,198,785,Normal
2004.02.13.19.42.39,0.07660493658109607,0.3462653410221592,0.7030000000000001,4.777759352818587,-0.0033497670248490373,0.03825649842065036,199,784,Normal
2004.02.13.19.52.39,0.07864126887278634,0.3624940923308948,0.791,5.149967114028578,0.004950696919003293,0.04111611269401952,200,783,Normal
2004.02.13.20.02.39,0.07702684539892164,0.5425193663094023,0.845,5.738258399760507,-0.019713770351828,0.036521622006941284,201,782,Normal
2004.02.13.20.12.39,0.07654619086497708,0.5200155088401144,0.833,5.774290493915715,-0.019903944163037667,0.042450585721425106,202,781,Normal
2004.02.13.20.22.39,0.07741179487861087,0.43190081038293116,0.7030000000000001,4.727961072266989,0.0506572152330478,0.03137013369210802,203,780,Normal
2004.02.13.20.32.39,0.07589032163569179,0.5098311593414597,0.847,6.206324176589646,-0.010439030765608785,0.03529746214461749,204,779,Normal
2004.02.13.20.42.39,0.07564360372930583,0.42220488142617585,0.903,6.609943329641458,-0.0455640312698098,0.03458744554867184,205,778,Normal
2004.02.13.20.52.39,0.07589364120524608,0.3855004562475095,0.74,4.888419440997391,0.007241652539189064,0.039539730755494704,206,777,Normal
2004.02.13.21.02.39,0.07722140418091265,0.35013309394085246,0.742,4.804366818908927,-0.017889749662760898,0.039115268948972194,207,776,Normal
2004.02.13.21.12.39,0.07669429791080462,0.3974503405974863,0.733,4.876502705193735,-0.011486986147813074,0.040553400397444414,208,775,Normal
2004.02.13.21.22.39,0.07669445070884366,0.4542567805615856,0.869,6.714956924400346,0.019394003539227038,0.03647703404023692,209,774,Normal
2004.02.13.21.32.39,0.0764435019107249,0.4621422075469619,0.735,5.010235537677669,-0.002604927523746169,0.04153751568372954,210,773,Normal
2004.02.13.21.42.39,0.07806299602024157,0.3311462198582431,0.7150000000000001,4.816622100134141,-0.007461671043633221,0.031708647007509076,211,772,Normal
2004.02.13.21.52.39,0.07733820308392225,0.42701086599625615,0.73,5.0169248102353805,-0.012023860933513906,0.037536929042989525,212,771,Normal
2004.02.13.22.02.39,0.07694966711774165,0.320109256981544,0.747,4.912301313774424,0.022963086515134054,0.03264055818476132,213,770,Normal
2004.02.13.22.12.39,0.07891612654772709,0.5186211330341539,0.8029999999999999,5.195388648455176,0.020848390760588757,0.029433593167857326,214,769,Normal
2004.02.13.22.22.39,0.07747811939105775,0.4064589681713531,0.728,4.917516762400999,0.017843254212914873,0.04211740131058661,215,768,Normal
2004.02.13.22.32.39,0.07688436331443231,0.4088430650331287,0.749,4.916473708566262,0.00214522628730286,0.041016384549977865,216,767,Normal
2004.02.13.22.42.39,0.07743250463104949,0.21209746554701248,0.642,4.15845980896095,-0.02601352698438021,0.041758147868161226,217,766,Normal
2004.02.13.22.52.39,0.07765237980798624,0.4663598030208287,0.8009999999999999,5.692033446658226,-0.031461210931340404,0.04060969247138316,218,765,Normal
2004.02.13.23.02.39,0.0784514380046663,0.3903152250695121,0.713,4.576078697472183,-0.012433715907308976,0.03978147805378737,219,764,Normal
2004.02.13.23.12.39,0.07746541157338786,0.39815988514681777,0.916,5.9252243217338005,-0.00027567020009534594,0.028812931518697873,220,763,Normal
2004.02.13.23.22.39,0.07702369416543603,0.3219624132001542,0.796,5.297070615088488,-0.00033013657832887163,0.03732763117420366,221,762,Normal
2004.02.13.23.32.39,0.07602763394350028,0.3787525414114188,0.679,4.7877322131737445,-0.013967775473019093,0.04085675838957851,222,761,Normal
2004.02.13.23.42.39,0.07740210771869765,0.3420917702434818,0.728,4.767311423455569,-0.004966223100446778,0.031688368987224644,223,760,Normal
2004.02.13.23.52.39,0.07756348867470199,0.4734358466541311,0.754,5.22152825646188,0.013195322849001004,0.04124770320226476,224,759,Normal
2004.02.14.00.02.39,0.0770032787070825,0.447202651604071,0.743,4.856935415092223,-0.013107538257795601,0.0351464797434314,225,758,Normal
2004.02.14.00.12.39,0.07633698995347046,0.4471539298962406,0.733,5.056525672154759,0.015299675732331139,0.038542016796794504,226,757,Normal
2004.02.14.00.22.39,0.07642125683403637,0.5469289750901192,0.845,5.980010786689316,0.014747629489465723,0.03770439183744009,227,756,Normal
2004.02.14.00.32.39,0.07821621550028804,0.40368368534336563,0.782,5.561505905170509,-0.007929516634509222,0.041254494135871275,228,755,Normal
2004.02.14.00.42.39,0.0776202063611459,0.3791111272392764,0.73,4.998697738675976,0.02530935298304422,0.03740710571763919,229,754,Normal
2004.02.14.00.52.39,0.07717074242436783,0.3713008615841109,0.84,5.442476415033354,0.026650007404279006,0.03966573505199671,230,753,Normal
2004.02.14.01.02.39,0.07785537630209377,0.5050743337064105,0.8300000000000001,5.702880957743825,0.016957315233763728,0.041311852834374704,231,752,Normal
2004.02.14.01.12.39,0.07614514595135481,0.3286110755448455,0.7110000000000001,5.292523141688171,0.009797629611827658,0.042743091871811974,232,751,Normal
2004.02.14.01.22.39,0.07811579383257748,0.42558587856816343,0.784,5.312625354140286,0.013796722577398045,0.04079652557773372,233,750,Normal
2004.02.14.01.32.39,0.07646615334526692,0.35054667928770566,0.737,5.427237118281384,0.002853774547271935,0.04313258240978563,234,749,Normal
2004.02.14.01.42.39,0.077847334070442,0.30035065706366915,0.725,4.855656985008478,0.013826116677970833,0.03955537552967306,235,748,Normal
2004.02.14.01.52.39,0.07809616123978583,0.2668683879683278,0.735,4.788967167822781,-0.043063585681593075,0.04280368352775294,236,747,Normal
2004.02.14.02.02.39,0.07853328688166249,0.3653585893301865,0.659,4.227506206702014,-0.01848502155500414,0.041749740465404944,237,746,Normal
2004.02.14.02.12.39,0.07740059716440338,0.5063321280777151,0.878,6.744133142150187,-0.002135518204121673,0.04186531045320235,238,745,Normal
2004.02.14.02.22.39,0.0770826017349854,0.44447058511821647,0.8300000000000001,5.8638386767952655,-0.014553599588714976,0.04029270266648454,239,744,Normal
2004.02.14.02.32.39,0.07785435307655411,0.39565238708172235,0.749,5.33046554618822,0.004598495188358314,0.04049419087145828,240,743,Normal
2004.02.14.02.42.39,0.07619507050676737,0.371201721911139,0.742,5.157813304824781,-0.010028938759595853,0.042420843467673434,241,742,Normal
2004.02.14.02.52.39,0.07689889872423401,0.30749474025222057,0.796,5.812826312047936,-0.03422241407165612,0.03586994012172812,242,741,Normal
2004.02.14.03.02.39,0.07566271754418999,0.48816477088484156,0.755,5.035504433506989,0.017446655042237306,0.041893810047823325,243,740,Normal
2004.02.14.03.12.39,0.07709097519834116,0.47452227231467026,0.779,5.13678738157469,0.011662416730180779,0.04075630043364957,244,739,Normal
2004.02.14.03.22.39,0.07812214182271728,0.46552930585791374,0.823,5.593803931459605,0.04079065620665987,0.027592444403523222,245,738,Normal
2004.02.14.03.32.39,0.07616692644182087,0.5528697268991065,0.774,5.317267818817343,-0.0182213176489012,0.0391055255840447,246,737,Normal
2004.02.14.03.42.39,0.07731350987113282,0.4825257504421647,0.755,5.212542394547883,0.0018541488833849179,0.03642215448398074,247,736,Normal
2004.02.14.03.52.39,0.07587677323658983,0.2798720451744803,0.767,5.087195101516381,-0.013675445464357082,0.03956784426436233,248,735,Normal
2004.02.14.04.02.39,0.0762042431228201,0.3237082059057306,0.71,5.314663990568249,0.0039008739432069696,0.04223196526888804,249,734,Normal
2004.02.14.04.12.39,0.07576237683798354,0.3518243628605009,0.659,4.58010913439215,-0.015463087013837019,0.03909759296544951,250,733,Normal
2004.02.14.04.22.39,0.07609244608739096,0.40188111728737264,0.76,5.072776196850385,-0.009484184428140552,0.04244764203931537,251,732,Normal
2004.02.14.04.32.39,0.0786182224572888,0.4397530049606644,0.754,4.808045006676503,-0.011792016241481278,0.04075346289900545,252,731,Normal
2004.02.14.04.42.39,0.0765472363611597,0.30756512844638406,0.764,5.0034458221130125,0.006006435189638747,0.04285191994450563,253,730,Normal
2004.02.14.04.52.39,0.07655005415423052,0.42756084971696895,0.782,5.173085148591808,0.016289366068361223,0.03618940861204636,254,729,Normal
2004.02.14.05.02.39,0.07695157390568759,0.47217074075070053,0.7809999999999999,5.393001403436048,-0.008608442494671532,0.03517312360037358,255,728,Normal
2004.02.14.05.12.39,0.07666247331291318,0.4292422492209682,0.762,5.100278299152609,0.043096600129636,0.039634766860352645,256,727,Normal
2004.02.14.05.22.39,0.07718117604407745,0.3573263428988387,0.771,5.247392800736547,-0.013051133842295134,0.04322686901507378,257,726,Normal
2004.02.14.05.32.39,0.0754853262075236,0.38032259689892367,0.757,5.6302325902291,0.012460128095724108,0.04138534766909459,258,725,Normal
2004.02.14.05.42.39,0.07848934759282226,0.4162216058917836,0.708,4.790458369535498,0.015718867567383735,0.042133606367979026,259,724,Normal
2004.02.14.05.52.39,0.07744872989093332,0.4381933427723923,0.8109999999999999,5.487500514514548,0.01531435239691362,0.041087524863775336,260,723,Normal
2004.02.14.06.02.39,0.0774396340631083,0.4181568338101229,0.81,5.668931014742829,0.002453485723501752,0.039992186650199164,261,722,Normal
2004.02.14.06.12.39,0.07724679940022192,0.3107750326515637,0.7829999999999999,5.463008806144784,-0.002774610928886724,0.04212233213188612,262,721,Normal
2004.02.14.06.22.39,0.07564605885770338,0.30545519863093284,0.732,4.904418770232227,-0.007118658398940654,0.0331310081769932,263,720,Normal
2004.02.14.06.32.39,0.07614973556462623,0.4668559319086989,0.737,4.937639610113982,0.02499848784159926,0.029362483982641498,264,719,Normal
2004.02.14.06.42.39,0.07858716579030653,0.3615217429430806,0.872,5.815198159295216,0.022073842785162816,0.03947531537567936,265,718,Normal
2004.02.14.06.52.39,0.07790162973915003,0.3905431033629876,0.703,4.569865296700419,-0.007769181062772976,0.03934385701163919,266,717,Normal
2004.02.14.07.02.39,0.0777059461206155,0.417840869010627,0.784,5.121872503340964,-0.00243988421630916,0.03584109863757432,267,716,Normal
2004.02.14.07.12.39,0.07785898335492507,0.2996620795127183,0.7789999999999999,5.587023171710241,0.037770690019256384,0.03886818297313141,268,715,Normal
2004.02.14.07.22.39,0.07571334102894697,0.3175699833688572,0.7030000000000001,5.322707217726022,0.03257407559368675,0.042336891456272806,269,714,Normal
2004.02.14.07.32.39,0.07639177457459834,0.48682290406817463,0.8180000000000001,5.851414553138162,-0.009018879388756671,0.0365880224870759,270,713,Normal
2004.02.14.07.42.39,0.0773621114568527,0.40520456329289845,0.838,5.493644589840209,-0.03941316211408001,0.03224820435496932,271,712,Normal
2004.02.14.07.52.39,0.07842339670271,0.493499202297464,0.73,4.819989540022595,-0.023451278164833195,0.03919696636003408,272,711,Normal
2004.02.14.08.02.39,0.07628107301034363,0.42510223709032724,0.8180000000000001,5.571499292195032,0.02287493329908281,0.041634215738847555,273,710,Normal
2004.02.14.08.12.39,0.0782240275511823,0.4252786985695489,0.696,4.65330110021275,-0.015014301055600645,0.04071540356721879,274,709,Normal
2004.02.14.08.22.39,0.07825938535718496,0.5410550470181565,0.874,5.6095501121156515,0.005061880309519203,0.041185783019813606,275,708,Normal
2004.02.14.08.32.39,0.07883279811470445,0.4923650099388044,0.833,5.949299678854378,0.041053543909913746,0.04294766842146476,276,707,Normal
2004.02.14.08.42.39,0.07697529154093864,0.501785914417268,0.817,5.703128032132771,-0.02516474763827894,0.04121647696893078,277,706,Normal
2004.02.14.08.52.39,0.07868750124106433,0.49549582131231773,0.808,5.896742604789034,0.04582439095832844,0.03908454604543463,278,705,Normal
2004.02.14.09.02.39,0.07629050409864258,0.39152787018717783,0.794,5.347978117862224,0.044422442062754086,0.03946115305923384,279,704,Normal
2004.02.14.09.12.39,0.07758280543534599,0.35162553099311156,0.679,4.498418857857006,0.02524597953447347,0.041067131963948456,280,703,Normal
2004.02.14.09.22.39,0.07689642263755268,0.2979657430445224,0.717,4.694626104458638,-0.009943743331340791,0.041054932090576444,281,702,Normal
2004.02.14.09.32.39,0.07679911555734627,0.39614492845074434,0.6759999999999999,4.635469445992235,0.015213985845703692,0.031512955183337264,282,701,Normal
2004.02.14.09.42.39,0.07762733365050935,0.43956678433765495,0.8160000000000001,5.693869958889156,-0.06274782329618075,0.03958365901874497,283,700,Normal
2004.02.14.09.52.39,0.07806387515051776,0.40586676946250355,0.681,4.470697292699187,0.03858251129618121,0.041819441071928955,284,699,Normal
2004.02.14.10.02.39,0.0761460433763633,0.3883496712947254,0.7030000000000001,4.806552457695871,-0.037739928684967367,0.04103458327207296,285,698,Normal
2004.02.14.10.12.39,0.07774952930173035,0.566700093050676,0.781,5.1833104558476935,0.052025314021855514,0.03131425984931277,286,697,Normal
2004.02.14.10.22.39,0.07605541128636081,0.41783615697612975,0.727,5.482843865001134,0.05918807605549478,0.03810559309067294,287,696,Normal
2004.02.14.10.32.39,0.07691889784508826,0.3496762549842871,0.7,4.6932543650650915,0.04022120060803046,0.043831078178951294,288,695,Normal
2004.02.14.10.42.39,0.07625929630830264,0.38217869789731385,0.749,5.53375083552334,0.029506456655548866,0.03263796592731105,289,694,Normal
2004.02.14.10.52.39,0.07750343899879944,0.5782366156865968,0.755,5.199768593604689,0.04665369335363617,0.03465004114583504,290,693,Normal
2004.02.14.11.02.39,0.07689420523568812,0.5470773142021708,0.7689999999999999,5.371015215307362,0.012776494449708221,0.04047656749328247,291,692,Normal
2004.02.14.11.12.39,0.0776544869015146,0.3311799985725137,0.7230000000000001,4.906348185903564,0.0039103687606207495,0.04337919983484703,292,691,Normal
2004.02.14.11.22.39,0.07698864186724234,0.4282343784664375,0.835,5.8320283458690305,-0.008255556087311546,0.04024550597981341,293,690,Normal
2004.02.14.11.32.39,0.07813684441464298,0.5572219183026554,0.827,5.682337781910935,0.017624769244197612,0.027447843333168145,294,689,Normal
2004.02.14.11.42.39,0.07653528310881769,0.44631979377065445,0.7689999999999999,5.422335018825289,-0.0024098928296286846,0.03625501053941082,295,688,Normal
2004.02.14.11.52.39,0.07844825685702805,0.4749347955380534,0.754,5.009670904728111,0.00996175993871427,0.038430296726156415,296,687,Normal
2004.02.14.12.02.39,0.07781413088150346,0.5191691228606832,0.8160000000000001,5.307518599079859,0.02837482754210017,0.03909213617600918,297,686,Normal
2004.02.14.12.12.39,0.07730263111527155,0.3969041106344453,0.6990000000000001,4.773446219641545,0.00040346130014566454,0.043040805764588776,298,685,Normal
2004.02.14.12.22.39,0.0781221315098393,0.44814243720393154,0.765,5.068985467457069,0.027244951788175684,0.02959693161801369,299,684,Normal
2004.02.14.12.32.39,0.07923294929450911,0.35898690771115227,0.776,5.452276474923206,0.0017911149536530406,0.04199737322427392,300,683,Normal
2004.02.14.12.42.39,0.07538111630449963,0.5001967130650411,0.825,6.022727733810737,-0.03803265590001688,0.040493746835721676,301,682,Normal
2004.02.14.12.52.39,0.07695273730866807,0.3559125944069117,0.708,5.107030141804072,0.01065491506883244,0.04236927041901464,302,681,Normal
2004.02.14.13.02.39,0.07620697076106703,0.5239826539737651,0.823,5.891848693071268,-0.016744396743816784,0.042051907027895186,303,680,Normal
2004.02.14.13.12.39,0.07855317354645037,0.36186418762455075,0.705,4.531961454999322,-0.00661337254808914,0.031747418525785366,304,679,Normal
2004.02.14.13.22.39,0.07703774503551003,0.39812301791803595,0.749,5.477833561030978,-0.013292743712402078,0.03000826631973166,305,678,Normal
2004.02.14.13.32.39,0.07783553311209315,0.43199784236532235,0.742,4.856393170606282,-0.021218987564437602,0.02855478148365101,306,677,Normal
2004.02.14.13.42.39,0.07702249886903989,0.4120063063697388,0.749,4.97257237687763,0.022712327749459752,0.03349671267785804,307,676,Normal
2004.02.14.13.52.39,0.07605641216906862,0.42089091311293725,0.747,5.035735169721963,-0.004630215313991656,0.040590237869807436,308,675,Normal
2004.02.14.14.02.39,0.07764319967053215,0.4177640583898037,0.7030000000000001,4.868423157723501,0.029726571727968044,0.03617978574026139,309,674,Normal
2004.02.14.14.12.39,0.07824552016429599,0.462614995853301,0.794,5.214355365006823,-0.03463171135934789,0.034701118295544,310,673,Normal
2004.02.14.14.22.39,0.07848323274601796,0.3663784441404645,0.7909999999999999,5.313236117797357,-0.035275988279585904,0.0401849941204731,311,672,Normal
2004.02.14.14.32.39,0.07779132524390574,0.29535701365171985,0.732,4.769168684876952,0.001633344081321186,0.04172988066526237,312,671,Normal
2004.02.14.14.42.39,0.07653336531121165,0.35526277295406405,0.7030000000000001,4.847558316765508,-0.0059417829259852855,0.03870451105053157,313,670,Normal
2004.02.14.14.52.39,0.07771954820910969,0.4379526468945034,0.7929999999999999,5.339711258823868,-0.054202700195404484,0.03368545029973865,314,669,Normal
2004.02.14.15.02.39,0.07693467481866109,0.4162375296755685,0.696,4.666295843626071,0.025370708024740472,0.041392293750461634,315,668,Normal
2004.02.14.15.12.39,0.07840756556538804,0.44322064491886604,0.808,5.573441046338228,-0.05459562201458002,0.029588129160545647,316,667,Normal
2004.02.14.15.22.39,0.0763741992465183,0.3836154471369735,0.715,4.792193642472116,-0.01075140638942533,0.04104862291911958,317,666,Normal
2004.02.14.15.32.39,0.07685433411249491,0.3601853709222538,0.767,5.178627240867879,-0.04024629297438456,0.031029913893350986,318,665,Normal
2004.02.14.15.42.39,0.07689268883127397,0.47939329223455873,0.737,5.111018418827539,-0.011281579773307963,0.03558859332602553,319,664,Normal
2004.02.14.15.52.39,0.07817967180785793,0.4221871397231123,0.759,5.5257323899287,0.014268408983468239,0.02778368853862885,320,663,Normal
2004.02.14.16.02.39,0.07825966082036613,0.47184744365062325,0.7709999999999999,5.328414950238723,-0.016259259081809523,0.03527960726629927,321,662,Normal
2004.02.14.16.12.39,0.07600318789572251,0.30438619570478,0.774,5.262936443132378,-0.024944061975606894,0.039886528244744146,322,661,Normal
2004.02.14.16.22.39,0.0775694166814272,0.272213678600965,0.735,4.821487227641822,0.015394699434514207,0.041586949382478575,323,660,Normal
2004.02.14.16.32.39,0.07732922906617361,0.2258166101647494,0.761,4.952848426094716,-0.02362288311900288,0.03501125741600815,324,659,Normal
2004.02.14.16.42.39,0.07651370160437361,0.4724327312404091,0.777,5.110195176803448,0.004941477534774766,0.03672205558284017,325,658,Normal
2004.02.14.16.52.39,0.07876241407609184,0.6552318596666904,0.888,5.853044842228714,-0.00041176816038153717,0.04193496725491727,326,657,Normal
2004.02.14.17.02.39,0.07563445673052643,0.2940289000270888,0.742,4.99772149312236,-0.014845114149992634,0.04167938752049107,327,656,Normal
2004.02.14.17.12.39,0.07764984159926294,0.3089038176237886,0.701,4.558926935584256,0.052089528309713126,0.02700264990180634,328,655,Normal
2004.02.14.17.22.39,0.07831222347566902,0.4207031177532925,0.796,5.388685538270493,0.05771399812147968,0.03187236699250713,329,654,Normal
2004.02.14.17.32.39,0.077487861007487,0.4261150547702037,0.783,5.162098207103295,-0.01518032024507904,0.030136887705110013,330,653,Normal
2004.02.14.17.42.39,0.0766385636190668,0.41426243038844524,0.755,5.2584485980012845,0.044389857442305426,0.039411248294852194,331,652,Normal
2004.02.14.17.52.39,0.07512177873709461,0.4322386192221237,0.74,4.97858219682303,0.0053971070769729314,0.034160133528288596,332,651,Normal
2004.02.14.18.02.39,0.0750074140215694,0.264094651949371,0.703,4.719532827819851,0.005284190432349757,0.04349916380945082,333,650,Normal
2004.02.14.18.12.39,0.07638231571703541,0.332808431759835,0.713,4.726224249014806,0.0034653848290839948,0.03809112688040545,334,649,Normal
2004.02.14.18.22.39,0.07788027921511965,0.3784283215736437,0.718,4.673839859461297,-0.052990636716203465,0.042444537449256574,335,648,Normal
2004.02.14.18.32.39,0.07527439096762507,0.43813676578415883,0.794,5.287322049512911,0.014947210797409044,0.035172647247252053,336,647,Normal
2004.02.14.18.42.39,0.07918299858950152,0.41325990616012565,0.752,4.773751423864401,0.011272075494800112,0.041942095904413446,337,646,Normal
2004.02.14.18.52.39,0.07800711324486297,0.34814837459687187,0.74,4.884169344433428,0.021013061212255775,0.039493186666485845,338,645,Normal
2004.02.14.19.02.39,0.07825582203031686,0.3212339905021637,0.73,4.868646720827119,0.0019217993073334608,0.03940785578056278,339,644,Normal
2004.02.14.19.12.39,0.07756201211067341,0.5701837051718384,0.796,5.47948581579741,0.0388834536970139,0.038749967721560225,340,643,Normal
2004.02.14.19.22.39,0.0768954961879067,0.36326545631774865,0.73,4.889752582955664,0.05536950284268488,0.028419376305146068,341,642,Normal
2004.02.14.19.32.39,0.07675198204637372,0.3774049694681145,0.786,5.2115911175089655,0.014011684004366842,0.04054924131412631,342,641,Normal
2004.02.14.19.42.39,0.07706073123730481,0.33766053420515485,0.73,5.073919530515993,0.03782793004877168,0.040427454949660865,343,640,Normal
2004.02.14.19.52.39,0.07648439894024141,0.40368314859793664,0.723,4.8245126701352445,0.009556589048265108,0.03832815829628404,344,639,Normal
2004.02.14.20.02.39,0.07804829515724943,0.49550169457822246,0.8400000000000001,5.816910425989318,0.039552440455765454,0.03458276454106872,345,638,Normal
2004.02.14.20.12.39,0.07650581224090511,0.32143393913664564,0.6890000000000001,4.600957021174231,0.003097700371138607,0.030187924236829807,346,637,Normal
2004.02.14.20.22.39,0.07870505320746962,0.5518785151478065,0.883,5.857310587309816,-0.04094556048867035,0.03050662446978991,347,636,Normal
2004.02.14.20.32.39,0.07722064160724369,0.42249302572013914,0.764,5.024562625726453,-0.019125658602111035,0.041387435347790665,348,635,Normal
2004.02.14.20.42.39,0.07668115900587559,0.30615492979033476,0.788,5.346814678432775,0.030253716776114506,0.04138805397876165,349,634,Normal
2004.02.14.20.52.39,0.07560518496862914,0.389790037405521,0.742,5.198055506146998,0.0035128804980339014,0.0391064134433867,350,633,Normal
2004.02.14.21.02.39,0.07643147398057785,0.27409504741691926,0.718,4.7886025619102845,-0.012521961375462319,0.03897207246544264,351,632,Normal
2004.02.14.21.12.39,0.07738588467210525,0.46867986441406906,0.708,4.768310834468014,0.02010200789954984,0.04207586449573367,352,631,Normal
2004.02.14.21.22.39,0.07673222832214148,0.4150533719613865,0.891,6.802877270548412,-0.017336723568894156,0.04154295180669334,353,630,Normal
2004.02.14.21.32.39,0.07787403565815439,0.5209914178339541,0.81,5.76572073795917,-0.023116085785980855,0.039138407336959474,354,629,Normal
2004.02.14.21.42.39,0.07610197914948566,0.46806435398399415,0.8300000000000001,6.031379798738181,-0.011006075117471512,0.04143946199976527,355,628,Normal
2004.02.14.21.52.39,0.07844877284532563,0.39247062477379524,0.76,4.984143613431445,-0.018447182450738904,0.03390292270304778,356,627,Normal
2004.02.14.22.02.39,0.07838618964181446,0.4702673332381755,0.732,4.822277412698537,0.011830659019398513,0.03987645268577227,357,626,Normal
2004.02.14.22.12.39,0.07640125207324402,0.4155701252808761,0.75,5.1831604512025535,0.041866116457415656,0.040842217705568534,358,625,Normal
2004.02.14.22.22.39,0.07758806582835001,0.41610777262515786,0.7250000000000001,5.129654212336766,-0.013632761150585586,0.034539617181638,359,624,Normal
2004.02.14.22.32.39,0.07630787730419367,0.259737428643497,0.749,5.241922088675324,0.027416412410051064,0.04386181426060694,360,623,Normal
2004.02.14.22.42.39,0.07535862403731158,0.46059922045061397,0.744,5.0160144863141305,0.03164755789379751,0.033020250606711404,361,622,Normal
2004.02.14.22.52.39,0.0768473247948489,0.2964954180069941,0.6930000000000001,4.827753636354715,-0.011202151120523635,0.042354010904592634,362,621,Normal
2004.02.14.23.02.39,0.07787287473273749,0.4005970384193849,0.715,4.699967148464129,0.0220041848818913,0.03887675556969799,363,620,Normal
2004.02.14.23.12.39,0.07755523957507239,0.41182245684681895,0.862,6.550169108904268,0.031330426901108856,0.02697041381456743,364,619,Normal
2004.02.14.23.22.39,0.07666440030051432,0.4049766158613508,0.75,5.256676447654049,0.03418190120828427,0.03383608839544277,365,618,Normal
2004.02.14.23.32.39,0.07756505271282776,0.59416197100937,0.857,5.943397502388141,-0.021400401532155847,0.04176893527158904,366,617,Normal
2004.02.14.23.42.39,0.07749496549927856,0.3910969739121195,0.7230000000000001,5.071296525587761,-0.0393762203455962,0.03766135696476485,367,616,Normal
2004.02.14.23.52.39,0.07696251021449096,0.4719871514500311,0.7909999999999999,5.4182217375137975,0.04347241862057142,0.04043566149416941,368,615,Normal
2004.02.15.00.02.39,0.0782745225402637,0.3734058194569596,0.717,4.611972608259333,0.02183247728819558,0.03361312634593144,369,614,Normal
2004.02.15.00.12.39,0.07576478107129493,0.393678130983552,0.745,4.9627273392225515,-0.011643142354171266,0.03396305626078988,370,613,Normal
2004.02.15.00.22.39,0.0749523728985614,0.3035741644560339,0.6910000000000001,4.656289586847793,0.02316076004099789,0.042693969520406966,371,612,Normal
2004.02.15.00.32.39,0.07601210519857182,0.5926312705867858,0.862,5.972732094271864,-0.03757943902430414,0.035462764665260216,372,611,Normal
2004.02.15.00.42.39,0.07784616647443614,0.4691571133496648,0.837,5.613634731867739,0.013646935481141232,0.04078481928289428,373,610,Normal
2004.02.15.00.52.39,0.07777190268764324,0.31991028155765777,0.718,4.808934062122184,0.002222794763459712,0.03386566891522192,374,609,Normal
2004.02.15.01.02.39,0.0760942646286499,0.42323338040355285,0.774,5.138362930826683,0.043605322365242484,0.04259696590063147,375,608,Normal
2004.02.15.01.12.39,0.07791981712241516,0.36960954395167844,0.728,4.889641238569919,0.013746491794007653,0.038052086488334184,376,607,Normal
2004.02.15.01.22.39,0.07685402406917285,0.3818657000263892,0.788,6.063442285678517,0.033342585751388834,0.04327825841765101,377,606,Normal
2004.02.15.01.32.39,0.07674329768933816,0.3646884901407135,0.698,4.834297754037809,-0.0038610033668955977,0.03916038965523796,378,605,Normal
2004.02.15.01.42.39,0.07582986649298382,0.33242199799785155,0.716,4.866155888228855,0.044223570570014324,0.03850131445539242,379,604,Normal
2004.02.15.01.52.39,0.0784444861181699,0.56474034220826,0.869,6.284698409654361,0.011571633412402691,0.028046704413411217,380,603,Normal
2004.02.15.02.02.39,0.07731954482353573,0.25864743757069686,0.725,4.733602008383412,-0.08451365370298389,0.03547472558625771,381,602,Normal
2004.02.15.02.12.39,0.07740247581129915,0.3167613458612375,0.698,4.793127715619719,0.003050668265414388,0.03501456731372754,382,601,Normal
2004.02.15.02.22.39,0.07701573119540255,0.3112997957537118,0.742,4.973009336211689,0.007963625337304037,0.03952676164884805,383,600,Normal
2004.02.15.02.32.39,0.07521198946560981,0.3649192576756848,0.662,4.547146764212502,0.00938821880008867,0.03390279784397134,384,599,Normal
2004.02.15.02.42.39,0.07688848490722212,0.40478293715094704,0.764,5.306385571629607,-0.0199986890378833,0.03399449466823195,385,598,Normal
2004.02.15.02.52.39,0.07637173140254105,0.44490280527972814,0.764,5.211351642516792,0.04533753750649015,0.042493665284513635,386,597,Normal
2004.02.15.03.02.39,0.07586469664650103,0.3650362834636387,0.747,5.022098111778202,-0.004654698555934322,0.039920107703773494,387,596,Normal
2004.02.15.03.12.39,0.075098837218445,0.36803551699047077,0.76,5.206471397126409,-0.009819002282423687,0.04233726376174242,388,595,Normal
2004.02.15.03.22.39,0.07799511327841316,0.42318121122703367,0.847,5.538807836201797,0.010981915915985392,0.04002045223556188,389,594,Normal
2004.02.15.03.32.39,0.07796534561705924,0.267938429937038,0.698,4.566130651010655,0.01803113153939537,0.040136524914291455,390,593,Normal
2004.02.15.03.42.39,0.07798807594904733,0.4842177956348408,0.791,5.128988551678723,0.016961254322180583,0.029039442576474367,391,592,Normal
2004.02.15.03.52.39,0.07783362414069513,0.33710919095959824,0.708,4.830816447813906,0.02623981893326039,0.04299843904484515,392,591,Normal
2004.02.15.04.02.39,0.0789731544947989,0.3611321322444012,0.7569999999999999,5.191636964566643,0.0067839719973264295,0.04011469000955446,393,590,Normal
2004.02.15.04.12.39,0.07863142766105437,0.4299032321679883,0.8029999999999999,5.646596491264591,0.0152261980149484,0.03753427111628634,394,589,Normal
2004.02.15.04.22.39,0.0772709316302062,0.43830608328698695,0.789,5.940137266562973,0.025830176954956062,0.03931907892782992,395,588,Normal
2004.02.15.04.32.39,0.076864965363881,0.30778397737436824,0.759,5.841412136989847,0.03887260428234736,0.03816228302469962,396,587,Normal
2004.02.15.04.42.39,0.07859432684927473,0.5275230618433251,0.813,5.471132109997161,0.0031698031267807024,0.039346282999250685,397,586,Normal
2004.02.15.04.52.39,0.07406587578013323,0.1608655511931616,0.615,4.252970131689059,0.017356403779158914,0.040916710830690234,398,585,Normal
2004.02.15.05.02.39,0.07718297304538742,0.336034830856613,0.698,5.001102377359695,0.020256186508447155,0.040176263667726066,399,584,Normal
2004.02.15.05.12.39,0.0776099066319621,0.5830624514456066,0.84,6.107466939409036,0.06050705045923584,0.04161338517486753,400,583,Normal
2004.02.15.05.22.39,0.07535483865674701,0.3873433248055256,0.766,5.374571208348353,0.015523939946711389,0.04143124718003938,401,582,Normal
2004.02.15.05.32.39,0.07658680736589037,0.32951908124459095,0.738,5.040031865482814,0.023729563784133507,0.043514528030344744,402,581,Normal
2004.02.15.05.42.39,0.0740066815633266,0.346576183254911,0.659,4.945498741648495,-0.006562763250616897,0.03947977637040759,403,580,Normal
2004.02.15.05.52.39,0.07723644861165371,0.412106396846204,0.72,4.868167271761315,0.01668706464130192,0.04173879976047953,404,579,Normal
2004.02.15.06.02.39,0.07638222845805659,0.22272780378887358,0.6910000000000001,4.608401208263778,-0.021014847073160495,0.03347072157111048,405,578,Normal
2004.02.15.06.12.39,0.07657197230945129,0.3681107468870848,0.7030000000000001,4.845114215545227,-0.009497014737697894,0.039429759267740776,406,577,Normal
2004.02.15.06.22.39,0.07622631580171722,0.31402076871710305,0.664,4.447282437327749,-0.0012239519829088425,0.04005649284941781,407,576,Normal
2004.02.15.06.32.39,0.07611128423493212,0.23864300736866317,0.6859999999999999,4.677361009013166,-0.01863225716373474,0.04188665366653882,408,575,Normal
2004.02.15.06.42.39,0.07623503727422926,0.48025107600364203,0.81,5.601098382795186,0.01224566994344893,0.04099355387458235,409,574,Normal
2004.02.15.06.52.39,0.07708552506033882,0.4056871758192355,0.75,5.227958782209285,-0.030025278292353286,0.042011333904156165,410,573,Normal
2004.02.15.07.02.39,0.07748513088207633,0.6670576458997246,0.96,6.336698809740139,-0.01587874967779885,0.035247964223955354,411,572,Normal
2004.02.15.07.12.39,0.07610651811513502,0.3022605356791517,0.73,5.203233018341418,-0.008379722710305789,0.04088375397441141,412,571,Normal
2004.02.15.07.22.39,0.07635003555786664,0.4431342835395671,0.723,4.859198148333973,0.01463937589324612,0.039901351879593636,413,570,Normal
2004.02.15.07.32.39,0.07706156097359759,0.36952452332865526,0.694,5.138748081526593,0.049577760574691786,0.04225952404277367,414,569,Normal
2004.02.15.07.42.39,0.07699595762268546,0.3919277969191701,0.6990000000000001,4.79245876625987,-0.01662964637322681,0.037738462233482865,415,568,Normal
2004.02.15.07.52.39,0.07728027098298197,0.48063870982954926,0.732,4.891286563557398,0.01574541604981994,0.04141020998046662,416,567,Normal
2004.02.15.08.02.39,0.07780435763121658,0.3735755677580297,0.786,5.205363301963351,-0.00016758399499251116,0.036255173728695606,417,566,Normal
2004.02.15.08.12.39,0.0768502967803923,0.4013357758732137,0.748,4.866603864949345,0.020131339703278444,0.04120731011100627,418,565,Normal
2004.02.15.08.22.39,0.07659630599315398,0.34257832867343607,0.781,5.130795063761625,-0.015492367710161674,0.04336379521142582,419,564,Normal
2004.02.15.08.32.39,0.07640399408735123,0.4208639557564058,0.8009999999999999,5.915920315946232,-0.007668606406138175,0.03949101590140853,420,563,Normal
2004.02.15.08.42.39,0.07807795239624708,0.35235280839096905,0.825,5.596969831028851,-0.015090090776029826,0.041471200814315275,421,562,Normal
2004.02.15.08.52.39,0.07713057459340865,0.4000626852348472,0.8029999999999999,5.536065910182278,-0.0389795530893923,0.037016217846272674,422,561,Normal
2004.02.15.09.02.39,0.07667752265474381,0.37034304960210074,0.708,4.929736089735984,-0.026171989152571507,0.029657930529480264,423,560,Normal
2004.02.15.09.12.39,0.07616845537195828,0.3379413350421925,0.747,5.711024869356853,-0.001123023365993417,0.04033294831483943,424,559,Normal
2004.02.15.09.22.39,0.07769009071504872,0.4444621380077156,0.767,5.122917802099164,0.08524832561355442,0.0350227371594598,425,558,Normal
2004.02.15.09.32.39,0.07704597666024651,0.4245121177058362,0.7809999999999999,5.386393477314347,-0.0023399100931393137,0.03929185548718531,426,557,Normal
2004.02.15.09.42.39,0.07618983570301963,0.20491353479846586,0.647,4.2919105161941555,0.013172296279778178,0.041440450106490646,427,556,Normal
2004.02.15.09.52.39,0.07626676749553996,0.47739307455073465,0.7889999999999999,5.4414256590855565,-0.002989254606689195,0.040265027800114664,428,555,Normal
2004.02.15.10.02.39,0.07687972991038503,0.3443925457307482,0.725,5.306989858128888,0.04650077431538896,0.04259815024388125,429,554,Normal
2004.02.15.10.12.39,0.07759393186144616,0.3416938055017189,0.796,5.219479643438905,0.010853550773706928,0.03981853502613683,430,553,Normal
2004.02.15.10.22.39,0.07751806461591308,0.41849458983080856,0.808,6.011501218379572,0.008647476355361219,0.04154835379070799,431,552,Normal
2004.02.15.10.32.39,0.07726790157161802,0.3435785290994704,0.723,4.840301651654545,0.02415248310550825,0.04190099400769399,432,551,Normal
2004.02.15.10.42.39,0.07629958876752711,0.29133089670985957,0.8049999999999999,5.465297416183452,-0.0015354823704096892,0.041556424782478514,433,550,Normal
2004.02.15.10.52.39,0.07781444368807358,0.3765801214698361,0.754,4.857709359693611,-0.017567373672921785,0.039157500144986285,434,549,Normal
2004.02.15.11.02.39,0.07798443416898176,0.2728455757651256,0.745,4.949705086870789,-0.0023962720866781287,0.03818742714558037,435,548,Normal
2004.02.15.11.12.39,0.0771727857938762,0.4433362853016818,0.72,4.71668800197704,0.03406532079982955,0.03629445858995029,436,547,Normal
2004.02.15.11.22.39,0.07657231665382976,0.4935185749376494,0.745,5.0409856519711,-0.0039231208423093685,0.041423351353704195,437,546,Normal
2004.02.15.11.32.39,0.07822583586312373,0.4387350438105728,0.744,4.95999750106769,0.030709406296931224,0.036701028664624415,438,545,Normal
2004.02.15.11.42.39,0.07821529157356316,0.2898784257899969,0.65,4.3725459484208695,0.047437603053552116,0.03996586588005305,439,544,Normal
2004.02.15.11.52.39,0.07738252216313529,0.5335850965343232,0.847,5.7377290143979,0.02085257944180796,0.042519380623050655,440,543,Normal
2004.02.15.12.02.39,0.07726419646050492,0.3621181761247989,0.776,5.151156249866429,-0.0009911069393442886,0.03995516389187407,441,542,Normal
2004.02.15.12.12.39,0.07699383884898274,0.3984708522721938,0.796,5.545897579916108,-0.0069289152704166395,0.041889058966487445,442,541,Normal
2004.02.15.12.22.39,0.07690982601651512,0.40445901986884536,0.7170000000000001,4.914846001216681,0.007672421040704175,0.04054764440378911,443,540,Normal
2004.02.15.12.32.39,0.07732355197126632,0.4491927431890046,0.718,4.7980200412632925,0.0074860658465970824,0.04120713296714516,444,539,Normal
2004.02.15.12.42.39,0.07831285446098951,0.39381196438108645,0.754,5.0821790613757765,-0.02590979393427695,0.04070803720760379,445,538,Normal
2004.02.15.12.52.39,0.0783206512617362,0.31384600148732567,0.72,4.890152787654206,0.008012374839791272,0.038167254669377086,446,537,Normal
2004.02.15.13.02.39,0.07863466597728622,0.6568070391325245,0.927,6.981652727335963,-0.006822325844008605,0.03997512853949256,447,536,Normal
2004.02.15.13.12.39,0.075895809993763,0.33265136066566825,0.755,5.217678655195276,-0.0033407729033218965,0.042060459879667736,448,535,Normal
2004.02.15.13.22.39,0.07599208397044968,0.36302236851475733,0.718,4.72417565095128,0.01813517338495,0.039725980822028696,449,534,Normal
2004.02.15.13.32.39,0.07671332879267542,0.39330191453147245,0.743,5.096897177904251,0.0024107010572614637,0.03531816859733867,450,533,Normal
2004.02.15.13.42.39,0.07887653617511595,0.3171912838501538,0.706,4.741586924580503,0.0055486159710913495,0.037172414417202496,451,532,Normal
2004.02.15.13.52.39,0.07698641253392544,0.39602829531441364,0.788,5.611379068947275,-0.048938440253877016,0.044111745897353144,452,531,Normal
2004.02.15.14.02.39,0.07870018792911568,0.3987174692024569,0.798,5.336708306353803,0.008037458569118588,0.03587009630020374,453,530,Normal
2004.02.15.14.12.39,0.07909664714666323,0.5847783239420163,0.781,5.095032009415344,-0.0016194037574722429,0.04279742087115121,454,529,Normal
2004.02.15.14.22.39,0.07852285259022529,0.39721974753291445,0.7989999999999999,5.259614669873373,0.013510202448730146,0.03816004705283823,455,528,Normal
2004.02.15.14.32.39,0.07765788699230347,0.48903230800688613,0.769,5.06065725729026,0.00403326951107997,0.03827079127845162,456,527,Normal
2004.02.15.14.42.39,0.07734418592048871,0.4460425802924233,0.845,5.559563906282614,-0.04058257840704113,0.03337202335694943,457,526,Normal
2004.02.15.14.52.39,0.07948663378941062,0.4256197320515729,0.9890000000000001,6.818755631901601,0.025232882728315073,0.037066181580779796,458,525,Normal
2004.02.15.15.02.39,0.07879434639260294,0.439388905842216,0.8009999999999999,5.20341835089207,-0.0081793874922193,0.029976527350411106,459,524,Normal
2004.02.15.15.12.39,0.07817851729475464,0.3073003909672307,0.742,5.15486814532306,-0.015834015903187077,0.03665655380065579,460,523,Normal
2004.02.15.15.22.39,0.07934480601896698,0.3604415941491075,0.847,5.356367577919721,-0.002086452236838826,0.027400082175692442,461,522,Normal
2004.02.15.15.32.39,0.0779101486313922,0.3972290693037701,0.764,4.980095109749448,0.0012117436137166991,0.042981174182478495,462,521,Normal
2004.02.15.15.42.39,0.07741225186158357,0.44607896359149146,0.73,4.921700914530108,0.02531527376854343,0.04065101223248123,463,520,Normal
2004.02.15.15.52.39,0.07717606759971805,0.280075909188402,0.735,4.807189112722611,0.007793126152468438,0.04298665654121464,464,519,Normal
2004.02.15.16.02.39,0.07613608261640387,0.41735303968953685,0.71,4.872853166621088,-0.0009021435715211593,0.031820504609892934,465,518,Normal
2004.02.15.16.12.39,0.0773241989178113,0.30207416938145837,0.74,5.121293907072655,0.018617829239865505,0.03172278273351499,466,517,Normal
2004.02.15.16.22.39,0.07663857285733715,0.37399640255617905,0.708,4.645179839281405,0.009818049805300716,0.03888363821184918,467,516,Normal
2004.02.15.16.32.39,0.07806556426631879,0.33869269784374456,0.725,4.816463640135218,0.061299565132494335,0.04330604189936544,468,515,Normal
2004.02.15.16.42.39,0.07578872289185327,0.4080605046318513,0.745,5.251440218269992,0.02046519636313942,0.03926466292595266,469,514,Normal
2004.02.15.16.52.39,0.07693434701094173,0.46816235514344706,0.761,5.199237577862792,0.0007117606449284682,0.04039488350161022,470,513,Normal
2004.02.15.17.02.39,0.07732904689791945,0.4112921301260366,0.749,4.888201345827744,0.004327480864429495,0.03623203448930012,471,512,Normal
2004.02.15.17.12.39,0.07843469958895345,0.3733421371332839,0.754,4.819294952208717,-0.016631503443417916,0.04124321517322784,472,511,Normal
2004.02.15.17.22.39,0.07572220509038284,0.2559677197295893,0.671,4.608951277817611,0.005856994030451214,0.03597067533051023,473,510,Normal
2004.02.15.17.32.39,0.0784842490169206,0.3059077768184104,0.845,5.848306472525188,-0.008388647250505307,0.04390056047235906,474,509,Normal
2004.02.15.17.42.39,0.07769689014549584,0.32212716724723434,0.806,5.315527379169733,-0.02189689233932832,0.03961677806856383,475,508,Normal
2004.02.15.17.52.39,0.07684735275206298,0.3543989446650708,0.742,4.827751880008927,0.004052347383994404,0.03278621230637085,476,507,Normal
2004.02.15.18.02.39,0.07749397185477155,0.30961601911305836,0.6519999999999999,4.439054385470564,0.05052699531143143,0.04002682003714145,477,506,Normal
2004.02.15.18.12.39,0.0768944284392569,0.34906668202127555,0.7150000000000001,4.889820481581681,0.020238106759345845,0.04027279635960465,478,505,Normal
2004.02.15.18.22.39,0.07756135172397398,0.4112223149714027,0.742,4.938025731974944,0.06400382741626191,0.04242250982735507,479,504,Normal
2004.02.15.18.32.39,0.0757864766238839,0.4064597916663981,0.712,4.987696578097795,0.028846636435000003,0.03740779473473258,480,503,Normal
2004.02.15.18.42.39,0.07666461430110699,0.3700231720140432,0.748,5.165354994041,-0.039471444663507424,0.04318220246671796,481,502,Normal
2004.02.15.18.52.39,0.07681094129826167,0.532578800373201,0.774,5.272685641235714,0.01859195197107819,0.04067606824133081,482,501,Normal
2004.02.15.19.02.39,0.07548862542369794,0.4047138169573614,0.777,5.179587600244983,-0.025227826458098495,0.042168489769434055,483,500,Normal
2004.02.15.19.12.39,0.07672604153231645,0.3695643133022122,0.842,6.425457718130485,0.01987360176974356,0.04031644603338175,484,499,Normal
2004.02.15.19.22.39,0.07659261588817652,0.43309883912666836,0.833,5.96663183564446,-0.008804501955417187,0.04178453478102212,485,498,Normal
2004.02.15.19.32.39,0.0761245009733233,0.26809421544900447,0.798,6.0558681311141775,-0.008421212329501531,0.03693798706011938,486,497,Normal
2004.02.15.19.42.39,0.0758757143191252,0.3259681516945001,0.657,4.573267709980007,0.0036747950322403976,0.042518414763529994,487,496,Normal
2004.02.15.19.52.39,0.07866708215291275,0.49377479186990936,0.7769999999999999,5.1864126260944206,0.0054440430764863944,0.03802995635771532,488,495,Normal
2004.02.15.20.02.39,0.07488942304220102,0.29257708015378325,0.625,4.272965984662703,0.00954030370643049,0.04058723263562263,489,494,Normal
2004.02.15.20.12.39,0.07551084326884368,0.48153185523704733,0.76,5.40319679010095,-0.0024494770840002293,0.04013128933066442,490,493,Normal
2004.02.15.20.22.39,0.07746565172555915,0.4419314838847854,0.745,4.853763482097023,0.029546590655753574,0.036621081736226344,491,492,Normal
2004.02.15.20.32.39,0.07787997670444165,0.521811344975156,0.788,5.136107707850793,0.018004148626003247,0.03745613902992107,492,491,Normal
2004.02.15.20.42.39,0.07812252964844313,0.4536244074601785,0.783,5.683378983812239,0.04170705446001611,0.04334293479502566,493,490,Normal
2004.02.15.20.52.39,0.07611407711044653,0.4236777373486098,0.8200000000000001,5.452341554038582,0.0430331988739695,0.03325513696329532,494,489,Normal
2004.02.15.21.02.39,0.077470789606067,0.29830253571617904,0.786,5.266500437256983,-0.0022874305278621984,0.042044237064473,495,488,Normal
2004.02.15.21.12.39,0.07693442285428465,0.3992394228624758,0.7350000000000001,5.108245884444874,0.04931177367938913,0.04089764918472002,496,487,Normal
2004.02.15.21.22.39,0.07845103780085545,0.42221413329817814,0.737,5.009493321206025,0.03372010551248036,0.04066148162945163,497,486,Normal
2004.02.15.21.32.39,0.07712598352036994,0.47643644736944246,0.756,4.901071386525031,0.031190357230299136,0.04092131723753839,498,485,Normal
2004.02.15.21.42.39,0.07664916109445931,0.36493871305970593,0.706,5.035931824028591,-0.009899719407707695,0.03900266241926347,499,484,Normal
2004.02.15.21.52.39,0.07609715052720026,0.4046983336170258,0.738,5.1381680642373055,0.05531396656026518,0.03870182875795979,500,483,Normal
2004.02.15.22.02.39,0.07746998977930906,0.4164259373181851,0.825,5.576352152196339,-0.02025226488434788,0.04240820329681762,501,482,Normal
2004.02.15.22.12.39,0.07800517279271853,0.5485896012354474,0.931,6.640584400352861,0.007311364391002886,0.03522575441530495,502,481,Normal
2004.02.15.22.22.39,0.07763653012948786,0.37794366180997097,0.756,5.152213111672043,-0.04333381849214864,0.04080849553094732,503,480,Normal
2004.02.15.22.32.39,0.0791884014846082,0.3224069468935795,0.786,5.240665802226166,-0.0016817936246373297,0.039987730425538576,504,479,Normal
2004.02.15.22.42.39,0.07754853035710525,0.2677201212044107,0.7250000000000001,5.042003346542361,-0.01943422818000384,0.036296009015202864,505,478,Normal
2004.02.15.22.52.39,0.07856042875899338,0.3885134945276123,0.8300000000000001,5.778990127496295,0.01665746316154906,0.02851145630922184,506,477,Normal
2004.02.15.23.02.39,0.0789819683115037,0.4070034550620174,0.7909999999999999,5.5962133318155045,-0.05530929399221073,0.0394390645196468,507,476,Normal
2004.02.15.23.12.39,0.0790762796786274,0.3474743632273807,0.718,4.944592134874517,-0.05523747146277419,0.03972242198525599,508,475,Normal
2004.02.15.23.22.39,0.07822047728316575,0.545918411380272,0.855,5.8424591289698276,0.027530549424184824,0.04244429032992621,509,474,Normal
2004.02.15.23.32.39,0.0778155094799552,0.43269991308322275,0.789,5.178915500317522,-0.016503285146634922,0.04129971040320751,510,473,Normal
2004.02.15.23.42.39,0.077529087283419,0.3029990008129091,0.6930000000000001,4.720808223292389,-0.002108302244827455,0.04132796930200553,511,472,Normal
2004.02.15.23.52.39,0.08153544630347129,0.5666889213621578,0.8959999999999999,5.923803237235784,0.009621055882152032,0.041304458880449896,512,471,Normal
2004.02.16.00.02.39,0.07680178169726923,0.3561730038030797,0.862,6.1717310172707025,-0.0038746256224301335,0.03758002552777417,513,470,Normal
2004.02.16.00.12.39,0.07831487270697295,0.38899196237205436,0.723,4.775592927839501,0.015403101465941087,0.04305347140955512,514,469,Normal
2004.02.16.00.22.39,0.07714297013854778,0.35279620493135777,0.6930000000000001,4.679622168493475,0.011436284171182228,0.03483015791232227,515,468,Normal
2004.02.16.00.32.39,0.07835456303769503,0.44221756979937377,0.786,5.385773716066108,0.020784239769755124,0.040221741535709093,516,467,Normal
2004.02.16.00.42.39,0.07742108696622162,0.28391523619049597,0.72,4.882390134111885,-0.030332739751400765,0.04010113897490323,517,466,Normal
2004.02.16.00.52.39,0.0755716893063095,0.3718072446196725,0.761,5.292986708935946,0.026865235037342713,0.043137844727783176,518,465,Normal
2004.02.16.01.02.39,0.07788295128949917,0.33128732679968653,0.718,4.609480611112862,0.017214517082513255,0.04046107971468652,519,464,Normal
2004.02.16.01.12.39,0.0790382315149803,0.4731143985341131,0.8300000000000001,5.528969162568912,-0.056854705094082476,0.041849306759993876,520,463,Normal
2004.02.16.01.22.39,0.07650243562299176,0.4433637639149004,0.796,5.202448062397454,0.02637918504571029,0.03831290798599915,521,462,Normal
2004.02.16.01.32.39,0.07822062241816012,0.32019748710613216,0.7230000000000001,4.998681139648053,0.016040020944363662,0.03910600811363102,522,461,Normal
2004.02.16.01.42.39,0.0796214999353386,0.37007201037201254,0.774,5.086565179797576,0.01471983361289396,0.039635241849903,523,460,Normal
2004.02.16.01.52.39,0.07955654282244407,0.3755785190178629,0.806,5.342111805026591,0.002920261777534491,0.04297228416085847,524,459,Normal
2004.02.16.02.02.39,0.080108293097824,0.5260048179163537,0.891,6.21658405860712,0.02152908415873024,0.039802705317807135,525,458,Normal
2004.02.16.02.12.39,0.07790080048880675,0.3387606415850897,0.765,5.019203234813343,0.00792259653450328,0.04040241122373258,526,457,Normal
2004.02.16.02.22.39,0.07848352017750684,0.2777135623768947,0.77,5.0456445970812425,0.008623625909561573,0.04003309414711868,527,456,Normal
2004.02.16.02.32.39,0.07816136965938641,0.37018849360160333,0.8260000000000001,5.565408413920708,0.03218013434806743,0.04277049641469796,528,455,Normal
2004.02.16.02.42.39,0.0778284258300751,0.458982255928821,0.764,5.113812140192103,0.008831341248523878,0.03964037630695994,529,454,Normal
2004.02.16.02.52.39,0.07946396957701962,0.33043739316895504,0.713,4.580691804482267,0.04435393427507771,0.038696311784664095,530,453,Early_Degradation
2004.02.16.03.02.39,0.07711978716429153,0.39377059294869765,0.774,5.160801955328331,0.004784974714342346,0.03940778506701784,531,452,Early_Degradation
2004.02.16.03.12.39,0.08226511158434281,0.5003740741636844,0.853,5.55520968301807,-0.007223062782532966,0.0431143044315025,532,451,Early_Degradation
2004.02.16.03.22.39,0.08432588993239636,0.4508448020711775,0.813,5.099263694128718,-0.029106629190465676,0.04070655056114079,533,450,Early_Degradation
2004.02.16.03.32.39,0.0842800498732685,0.37837651204512657,0.764,4.7460811086451296,-0.009241176562636063,0.03970797390965038,534,449,Early_Degradation
2004.02.16.03.42.39,0.08309850817281184,0.2911308678170452,0.747,5.054241751057067,-0.026798606640015665,0.04137359962228551,535,448,Early_Degradation
2004.02.16.03.52.39,0.0826680884126207,0.20897921343268377,0.749,4.753949921993148,-0.018092357454208546,0.04242385687082356,536,447,Early_Degradation
2004.02.16.04.02.39,0.08427124871137842,0.39805576986482194,0.83,4.983905621232771,0.013995405888354526,0.03554196839711032,537,446,Early_Degradation
2004.02.16.04.12.39,0.08598723191692109,0.47031290657213587,0.889,5.535704941669141,0.014674508507171757,0.04087110093219981,538,445,Early_Degradation
2004.02.16.04.22.39,0.08444288039158852,0.4865130026451254,0.986,6.09879644824782,0.012273896728958502,0.04122432232891497,539,444,Early_Degradation
2004.02.16.04.32.39,0.08268255902187746,0.26595855893303977,0.762,4.753117914079494,-0.03174959405436106,0.039398810978256676,540,443,Early_Degradation
2004.02.16.04.42.39,0.0836379520986137,0.3818054415969727,0.796,4.782517291949059,-0.005056333966050067,0.04177279141503665,541,442,Early_Degradation
2004.02.16.04.52.39,0.0838157123265829,0.38767370740609763,0.81,5.297335484027458,-0.011899977446575786,0.03367276835723148,542,441,Early_Degradation
2004.02.16.05.02.39,0.08551655227434408,0.3946015078150089,0.794,4.911329324167707,0.014266712876400548,0.03966416080791385,543,440,Early_Degradation
2004.02.16.05.12.39,0.08430120065361243,0.3658697395741912,0.776,4.8635125975196285,-0.008100766957841022,0.0410121065104245,544,439,Early_Degradation
2004.02.16.05.22.39,0.08697885681706287,0.4364173780138687,0.781,4.575824157804771,0.03295377871455478,0.03315982619246063,545,438,Early_Degradation
2004.02.16.05.32.39,0.0847858305411162,0.4287637975372536,0.889,6.10951070006554,0.011074611469630076,0.038747209373824795,546,437,Early_Degradation
2004.02.16.05.42.39,0.085168471600044,0.32894899911736086,0.7869999999999999,4.849211729985646,-0.01634805981008458,0.033884188476860505,547,436,Early_Degradation
2004.02.16.05.52.39,0.08699169910336632,0.4340085155916307,0.784,4.632625386416338,-0.02781576133484295,0.03895305762989728,548,435,Early_Degradation
2004.02.16.06.02.39,0.08695528664204379,0.31669418796819127,0.777,4.554064160463458,-0.037450901400111654,0.03777168320219783,549,434,Early_Degradation
2004.02.16.06.12.39,0.08790080163305894,0.430147194240349,0.833,5.335559379790892,-0.022819722791090877,0.0400513429789515,550,433,Early_Degradation
2004.02.16.06.22.39,0.08565032244174565,0.4363586459691815,0.752,4.623449655251905,-0.030115242554844653,0.042552572052491563,551,432,Early_Degradation
2004.02.16.06.32.39,0.08544638075644281,0.4780069177953763,0.937,6.226126057406191,-0.0056728677582763495,0.04124891052146556,552,431,Early_Degradation
2004.02.16.06.42.39,0.08661301154867697,0.4862233238389191,0.833,5.10315876408484,0.021692794278675216,0.03867559248181086,553,430,Early_Degradation
2004.02.16.06.52.39,0.08760435629686174,0.4443845022745201,0.8280000000000001,4.9655059261079675,0.02745019501262627,0.04029744707673647,554,429,Early_Degradation
2004.02.16.07.02.39,0.08819957754159384,0.4654821554251858,0.839,4.977347539102414,-0.003868878832467972,0.043878050365266645,555,428,Early_Degradation
2004.02.16.07.12.39,0.08605389220297506,0.4927349634179672,0.794,4.683111278898721,-0.019651156954613183,0.041498681662013454,556,427,Early_Degradation
2004.02.16.07.22.39,0.08917826412847893,0.4000941939036653,0.864,5.5843197781842315,0.027676746032502655,0.04332981637262935,557,426,Early_Degradation
2004.02.16.07.32.39,0.08561711642539709,0.40487944030252443,0.762,4.648602640813919,0.006372640925290417,0.03735988923387722,558,425,Early_Degradation
2004.02.16.07.42.39,0.08827365730623576,0.3659394532713698,0.777,4.48604903460294,-0.04226739190974397,0.04101845542927188,559,424,Early_Degradation
2004.02.16.07.52.39,0.08883351291927008,0.3770945051934542,0.842,5.358337532471589,0.010986231035584673,0.03998646277853341,560,423,Early_Degradation
2004.02.16.08.02.39,0.08730537730432188,0.37620336380365016,0.8300000000000001,5.1772291946252516,0.0031887419764519524,0.03092228645107602,561,422,Early_Degradation
2004.02.16.08.12.39,0.08747885570417858,0.4396049452472912,0.879,5.304138276884816,-0.02233087013884833,0.03862415238037571,562,421,Early_Degradation
2004.02.16.08.22.39,0.08891707562606085,0.4402469914533116,0.86,5.387041158933454,-0.01218920332674179,0.041896877005486464,563,420,Early_Degradation
2004.02.16.08.32.39,0.08606533531776527,0.32130361436320864,0.734,4.647631384306241,-0.015844278477415263,0.034402413607811676,564,419,Early_Degradation
2004.02.16.08.42.39,0.08849752380010414,0.5412085936380691,0.896,5.186585210801207,-0.019660452883292403,0.042173454239049835,565,418,Early_Degradation
2004.02.16.08.52.39,0.08784936420382122,0.5760381353265771,1.057,6.306248678728807,0.007928480646487424,0.041453421647751,566,417,Early_Degradation
2004.02.16.09.02.39,0.08692632195841919,0.4667661948985651,0.792,4.555581618115726,-0.0026248680861131863,0.03895564279000659,567,416,Early_Degradation
2004.02.16.09.12.39,0.08674333435306428,0.44798583289768334,0.8939999999999999,5.545094019458431,-0.03923706279865413,0.043110010525710896,568,415,Early_Degradation
2004.02.16.09.22.39,0.08853620513180258,0.44239483736892193,0.94,5.703880601268237,-0.006525636494893895,0.034024210158179996,569,414,Early_Degradation
2004.02.16.09.32.39,0.08814084160583206,0.42207357939809453,0.835,5.230264872656356,-0.00637339900791863,0.041604824240051845,570,413,Early_Degradation
2004.02.16.09.42.39,0.0899870048126742,0.418621701128957,0.725,4.100591632783314,0.034172050404120795,0.0348355156708337,571,412,Early_Degradation
2004.02.16.09.52.39,0.08840501059576601,0.5602555996498153,0.8300000000000001,5.05627391959918,0.03453279582939991,0.04140991816781855,572,411,Early_Degradation
2004.02.16.10.02.39,0.08764679009783032,0.4137279539953309,0.828,4.791960454131822,0.021974405241028724,0.041973445846389006,573,410,Early_Degradation
2004.02.16.10.12.39,0.08951969957125708,0.49796496157412706,0.857,4.937460165106669,0.01297273554004362,0.03184611460859408,574,409,Early_Degradation
2004.02.16.10.22.39,0.08913656021626312,0.44915542368613437,0.839,4.734308252787198,-0.004073790691489718,0.041069940718793656,575,408,Early_Degradation
2004.02.16.10.32.39,0.08819533236169941,0.5134914074370189,0.889,5.3744334712832185,0.024026916796746137,0.04335537865784361,576,407,Early_Degradation
2004.02.16.10.42.39,0.08845663938213598,0.48489349535248216,0.8280000000000001,4.804613366757589,-0.07557730884923268,0.038712214974803254,577,406,Early_Degradation
2004.02.16.10.52.39,0.090150743170207,0.6217770021628457,0.903,5.357692343269537,0.004514336506654278,0.04114484101824131,578,405,Early_Degradation
2004.02.16.11.02.39,0.09071041798845723,0.4888141347703794,0.891,4.982889068250415,-0.022285238655476637,0.04106863829711418,579,404,Early_Degradation
2004.02.16.11.12.39,0.08991441460146977,0.4496169147110769,0.886,5.049245457692433,-0.03897465668218249,0.044365882343117787,580,403,Early_Degradation
2004.02.16.11.22.39,0.09103706078046937,0.36341261581366435,0.849,4.822211394066304,-0.009687210938571493,0.03121461000502994,581,402,Early_Degradation
2004.02.16.11.32.39,0.09011333846624067,0.5452279361146344,0.869,5.448693321877216,0.019480439396568395,0.03603798364960643,582,401,Early_Degradation
2004.02.16.11.42.39,0.09209473537180682,0.6274695337680583,0.894,5.03828962365583,-0.009970193289901567,0.03929118872764145,583,400,Early_Degradation
2004.02.16.11.52.39,0.0892083709483904,0.587115769874706,0.788,4.5399321868009705,0.00247680641909757,0.041981142564159496,584,399,Early_Degradation
2004.02.16.12.02.39,0.08972886132503578,0.51467069938347,0.908,5.628065889413422,0.017609433947676136,0.040081958922982074,585,398,Early_Degradation
2004.02.16.12.12.39,0.09109389338539316,0.45951746098325197,0.796,4.424006272900814,-0.028710427863563717,0.04052717391829232,586,397,Early_Degradation
2004.02.16.12.22.39,0.0918239707351109,0.5832556522576771,0.91,5.074927010018145,-0.03048354319263104,0.035460800335873836,587,396,Early_Degradation
2004.02.16.12.32.39,0.08981583914286778,0.5313526949232945,1.066,6.056837464562331,-0.004265579670543827,0.03219808306478521,588,395,Early_Degradation
2004.02.16.12.42.39,0.09123699259817464,0.4307299921087786,0.832,4.625316351728141,-0.0505288941318044,0.038681080809241396,589,394,Early_Degradation
2004.02.16.12.52.39,0.090868854030479,0.543120842220695,0.869,4.9962108016197995,-0.030888378232713527,0.035568198125652685,590,393,Early_Degradation
2004.02.16.13.02.39,0.08962443312887326,0.5000568354441408,0.876,5.500731528017449,-0.03241857365368439,0.03818694905866008,591,392,Early_Degradation
2004.02.16.13.12.39,0.08982404539353243,0.44308004759376196,0.874,5.5441718570619924,0.008680003884526426,0.04324208635444579,592,391,Early_Degradation
2004.02.16.13.22.39,0.09140617654911579,0.5828125625920308,0.944,5.470089267221889,0.005042525841349812,0.03986619532546423,593,390,Early_Degradation
2004.02.16.13.32.39,0.09195853451590287,0.4359665616194084,0.808,4.621647746137419,-0.055027476575790685,0.040931900351579564,594,389,Early_Degradation
2004.02.16.13.42.39,0.09039873667146503,0.47912682547507224,0.767,4.269970704381939,-0.008994214156270677,0.027686998897228216,595,388,Early_Degradation
2004.02.16.13.52.39,0.09161855206251215,0.47732192161953524,0.903,4.955327717217738,-0.03595667677055766,0.031018562946491787,596,387,Early_Degradation
2004.02.16.14.02.39,0.09144305642507458,0.5755229887249769,0.849,4.910159048175575,0.018024298933638716,0.042328623664597796,597,386,Early_Degradation
2004.02.16.14.12.39,0.09038385103182842,0.385410349683454,0.869,5.266426932484971,0.011194814783252951,0.038222758173829245,598,385,Early_Degradation
2004.02.16.14.22.39,0.09101168178153354,0.5069703567366908,0.779,4.296151322387952,0.015227645482240263,0.03434998033098883,599,384,Early_Degradation
2004.02.16.14.32.39,0.09111499109127158,0.5420037471466377,0.9530000000000001,5.443670022054301,0.01990016495650028,0.03411480646156131,600,383,Early_Degradation
2004.02.16.14.42.39,0.09316506452553379,0.5609820953544635,0.994,5.871298904506147,-0.002375529843010001,0.030577116958517964,601,382,Early_Degradation
2004.02.16.14.52.39,0.09196030611296717,0.39486897540859767,0.821,4.860792338413562,-0.0060814349831588375,0.033703372375631084,602,381,Early_Degradation
2004.02.16.15.02.39,0.09220456198041396,0.7432975552995371,0.991,5.455260939846313,0.042682115673109276,0.029958417703261037,603,380,Early_Degradation
2004.02.16.15.12.39,0.09182987332434706,0.5517784022496657,0.813,4.813247975485684,-0.08015390921864018,0.04285657257918787,604,379,Early_Degradation
2004.02.16.15.22.39,0.09341100455237795,0.46252264920486175,0.917,5.3526878216234035,-0.0029152523179089875,0.0408761855685276,605,378,Early_Degradation
2004.02.16.15.32.39,0.09314935818183344,0.6215580358289516,0.8280000000000001,4.798744304174215,0.020015575893097215,0.033778876164202255,606,377,Early_Degradation
2004.02.16.15.42.39,0.09361258209954337,0.5944372850986572,0.925,5.373208760901874,-0.06288268724045408,0.036175515160527895,607,376,Early_Degradation
2004.02.16.15.52.39,0.09453647609520888,0.4948223120819719,0.8200000000000001,4.7494889914546485,-0.03499771217809009,0.028302579585826305,608,375,Early_Degradation
2004.02.16.16.02.39,0.09488179632277996,0.45458474965973483,0.838,4.479257051179924,-0.05345132863514018,0.041835792361993696,609,374,Early_Degradation
2004.02.16.16.12.39,0.09591115706125188,0.5121334435393043,0.903,5.192304663355432,0.011267629088632913,0.03173697729590748,610,373,Early_Degradation
2004.02.16.16.22.39,0.09453624651051508,0.45030249249972787,0.9450000000000001,5.066839090954716,-0.021704374893095214,0.03656950240842327,611,372,Early_Degradation
2004.02.16.16.32.39,0.09484404113423192,0.5362435114092148,0.872,4.765717982251608,-0.03152018402464271,0.04328425494067323,612,371,Early_Degradation
2004.02.16.16.42.39,0.09559869276613436,0.4700351608607565,0.889,4.728097630213034,-0.029625122049336962,0.04171133478925743,613,370,Early_Degradation
2004.02.16.16.52.39,0.0962706846686077,0.48214773837679425,0.867,4.539283750930474,-0.016392114499991454,0.030752655497129047,614,369,Early_Degradation
2004.02.16.17.02.39,0.09629343885845754,0.4809149930704564,0.8160000000000001,4.413592046378053,0.00040881731305404987,0.03620194502046745,615,368,Early_Degradation
2004.02.16.17.12.39,0.09498840749582946,0.7511586473517373,0.974,5.348020457571095,0.02138280067933913,0.044755927473332464,616,367,Early_Degradation
2004.02.16.17.22.39,0.09552074356479788,0.6564783060272297,0.9670000000000001,5.265871354948877,-0.038974765964673,0.040540617914517914,617,366,Early_Degradation
2004.02.16.17.32.39,0.09492288322509818,0.5195036890723932,0.898,4.856573418035143,-0.04191146010988256,0.03667354228887889,618,365,Early_Degradation
2004.02.16.17.42.39,0.09428204497096067,0.47955622735407344,0.9450000000000001,5.080500209159997,0.024794250109829986,0.038530055481297475,619,364,Early_Degradation
2004.02.16.17.52.39,0.09331646084820391,0.6900665599350058,0.879,5.28309735161281,-0.04144753497726455,0.04188414820946098,620,363,Early_Degradation
2004.02.16.18.02.39,0.09846557957645975,0.6142024183200445,1.045,5.606019345178097,0.007110728644009216,0.04171616550183683,621,362,Early_Degradation
2004.02.16.18.12.39,0.09505307008620237,0.5214360964550426,0.867,4.702635617852906,-0.030028712415334273,0.04128148927288187,622,361,Early_Degradation
2004.02.16.18.22.39,0.09558984315937742,0.5461967132436896,0.859,4.519308124469282,-0.04973483089447392,0.036224480974166084,623,360,Early_Degradation
2004.02.16.18.32.39,0.09694473044843,0.7066014705423598,1.03,5.539238101170208,0.03707694695852091,0.04271143240157819,624,359,Early_Degradation
2004.02.16.18.42.39,0.0965114094210498,0.5868126529442286,1.0110000000000001,5.315433169228793,0.005347423829440987,0.04053305007476455,625,358,Early_Degradation
2004.02.16.18.52.39,0.09612524026709245,0.5574171385605213,0.8320000000000001,4.442121074468394,-0.02897750517399276,0.03854285984521734,626,357,Early_Degradation
2004.02.16.19.02.39,0.09615338622035434,0.5643935427422329,0.96,5.616026279118465,0.00610786179682812,0.03491156527763257,627,356,Early_Degradation
2004.02.16.19.12.39,0.09568015540681293,0.5436207732186147,0.882,4.671814666074681,-0.020913074033234186,0.032646228751931676,628,355,Early_Degradation
2004.02.16.19.22.39,0.09588543375429867,0.5675984206307501,0.883,4.807820477749344,-0.027514076223508314,0.02657764114437419,629,354,Early_Degradation
2004.02.16.19.32.39,0.09359121892445693,0.5771797568819839,0.815,4.6158171547110785,0.045614765105353415,0.03183434495554909,630,353,Early_Degradation
2004.02.16.19.42.39,0.0978013926401038,0.6771886124561832,1.077,5.541842809703744,-0.02843193631710454,0.037710906487984946,631,352,Early_Degradation
2004.02.16.19.52.39,0.09710681060572232,0.6499851458312187,0.9299999999999999,5.056287467113987,0.05948135770925023,0.02905419876450286,632,351,Early_Degradation
2004.02.16.20.02.39,0.09409151883148463,0.5973913543767053,0.871,4.825088991944234,0.00601573266892025,0.029490806868882825,633,350,Early_Degradation
2004.02.16.20.12.39,0.09633701373222937,0.5472246871079167,0.996,5.781785428084143,0.0276087482568102,0.03413284196578705,634,349,Early_Degradation
2004.02.16.20.22.39,0.09589212714726963,0.6811948931940965,0.9590000000000001,5.318475687081101,-0.007184546000463887,0.034461329006132004,635,348,Early_Degradation
2004.02.16.20.32.39,0.09741922811159702,0.5790203454839511,1.04,5.666231954797937,-0.04887423782855838,0.03982084365036387,636,347,Early_Degradation
2004.02.16.20.42.39,0.0976594566973515,0.6133940913684968,0.896,4.648806873039297,-0.02686820871756509,0.0320690109522303,637,346,Early_Degradation
2004.02.16.20.52.39,0.09483689122646313,0.6512805700988582,0.954,5.198398446431252,0.0332188784218825,0.03227997677416183,638,345,Early_Degradation
2004.02.16.21.02.39,0.09751085676733642,0.5207344685544979,0.8939999999999999,4.912273020225602,-0.022260994597276342,0.03959695492948953,639,344,Early_Degradation
2004.02.16.21.12.39,0.09844802225508394,0.5386898269168503,0.867,4.642043010223804,-0.015103373647776542,0.043138043453606445,640,343,Early_Degradation
2004.02.16.21.22.39,0.09941949426467503,0.6725187096744207,0.871,4.415632558690821,-0.02123072572011468,0.039544701822581206,641,342,Early_Degradation
2004.02.16.21.32.39,0.09837946999850884,0.5520838440108813,0.915,5.011207621827972,0.0330496423725162,0.03135396411619814,642,341,Early_Degradation
2004.02.16.21.42.39,0.09805131488951334,0.6552368688722146,0.8089999999999999,4.212079749716576,-0.03163399196956978,0.033783924646654195,643,340,Early_Degradation
2004.02.16.21.52.39,0.09792751075811766,0.6111333437801081,0.876,4.860737781524426,4.218274879528586e-06,0.040092221691101854,644,339,Early_Degradation
2004.02.16.22.02.39,0.09727314629554436,0.5724844892623211,0.877,5.047641288704543,-0.036247240812406614,0.026921360471706332,645,338,Early_Degradation
2004.02.16.22.12.39,0.09838645353035777,0.5403197851984634,0.855,4.716095927737355,-0.027033723995058132,0.042452678442815694,646,337,Early_Degradation
2004.02.16.22.22.39,0.10379379699636138,1.0579778032148015,0.984,4.778705149695376,0.02224209670061174,0.03303997737974839,647,336,Early_Degradation
2004.02.16.22.32.39,0.10638649114453806,0.8593839482326833,0.996,4.699844384586853,-0.058150663672739876,0.03599502068161051,648,335,Early_Degradation
2004.02.16.22.42.39,0.10502789459271344,0.8594033690020813,0.9550000000000001,4.741597025392335,-0.036005389568740095,0.0405325045587502,649,334,Early_Degradation
2004.02.16.22.52.39,0.10535479352896693,0.8345135768103153,0.9490000000000001,4.840785449899086,-0.04559297185090279,0.041287257847390145,650,333,Early_Degradation
2004.02.16.23.02.39,0.1062761847330165,0.8989962838910843,1.0470000000000002,4.958777469629128,-0.04214172701670748,0.03957790463858214,651,332,Early_Degradation
2004.02.16.23.12.39,0.10429216187852698,0.7805928630818695,0.892,4.381920443005877,-0.0405011399857617,0.036819899354655336,652,331,Early_Degradation
2004.02.16.23.22.39,0.1058579707010176,0.932443746332901,0.999,4.798882395412221,-0.021959523457071087,0.04207234424452169,653,330,Early_Degradation
2004.02.16.23.32.39,0.10620989914212917,0.7618131670541999,0.942,4.528767644046565,-0.018680843374084922,0.03994332402628195,654,329,Early_Degradation
2004.02.16.23.42.39,0.10301590204535778,1.035295589771101,1.02,5.542833030965055,-0.005549846191328379,0.042996736821261566,655,328,Early_Degradation
2004.02.16.23.52.39,0.10596938126470778,0.7446224362206095,0.986,4.6522867982557665,-0.05052026083159421,0.03783947085685952,656,327,Early_Degradation
2004.02.17.00.02.39,0.10595938103673266,0.8544294796051406,1.057,5.0019162512576765,-0.02282361658493963,0.0422271753700724,657,326,Early_Degradation
2004.02.17.00.12.39,0.10464030419355035,0.9503298348422975,1.0230000000000001,5.246543879680346,-0.06483677415511667,0.02697156274467022,658,325,Early_Degradation
2004.02.17.00.22.39,0.10564207193765772,0.8951812464408859,0.969,4.6193712869837436,-0.022863855306557938,0.03338719605061538,659,324,Early_Degradation
2004.02.17.00.32.39,0.10435954367219488,0.7816348788004697,0.9570000000000001,4.752799169283455,-0.037082335313783285,0.038883445484013276,660,323,Early_Degradation
2004.02.17.00.42.39,0.10662787171909487,0.7678642560795552,0.964,4.736097086973874,-0.03740551442805824,0.042847784963201734,661,322,Early_Degradation
2004.02.17.00.52.39,0.10662177420384168,0.765469776591543,0.969,4.558167954410286,-0.014485438513994796,0.04053818852903763,662,321,Early_Degradation
2004.02.17.01.02.39,0.10470268546579882,0.7869819151709754,1.216,6.064791332974069,-0.038785664155529954,0.04199534370847199,663,320,Early_Degradation
2004.02.17.01.12.39,0.10421010318327466,0.8916386740504207,0.9570000000000001,4.711634840435081,0.03003721306603901,0.03396380761345558,664,319,Early_Degradation
2004.02.17.01.22.39,0.10612328036187736,0.8149963220300802,1.006,4.9659221665945825,-0.05855082417662549,0.041153726306177876,665,318,Early_Degradation
2004.02.17.01.32.39,0.10685637013248496,0.9259511693175684,1.0110000000000001,4.9786451622299435,-0.02436546304425811,0.039961633486915074,666,317,Early_Degradation
2004.02.17.01.42.39,0.10484058257137954,0.7773012336510239,1.045,5.751589009662018,-0.04778357028931343,0.033813443478678804,667,316,Early_Degradation
2004.02.17.01.52.39,0.10359935976515493,0.8176352010912522,0.899,4.575317408537241,0.0076991910768523485,0.041507619859690086,668,315,Early_Degradation
2004.02.17.02.02.39,0.1061608500070471,0.6430516614183497,1.0250000000000001,5.2655941178593775,-0.046073558652955156,0.04321335016006861,669,314,Early_Degradation
2004.02.17.02.12.39,0.10631852845194717,0.7746946322817005,0.9570000000000001,4.618197420216771,-0.06889835567028421,0.03188032989871119,670,313,Early_Degradation
2004.02.17.02.22.39,0.10491263548297877,0.7594868721250303,0.921,4.632425364574851,-0.05970775277350097,0.033332880477527575,671,312,Early_Degradation
2004.02.17.02.32.39,0.1029637437136551,0.7345061687411087,0.957,4.690971167807612,-0.002428813659855202,0.04277514254316714,672,311,Early_Degradation
2004.02.17.02.42.39,0.10200354165305059,0.9054039207769429,1.104,5.411576274104094,-0.01790827273292484,0.03636925138155498,673,310,Early_Degradation
2004.02.17.02.52.39,0.10489127136513195,0.7653851180387234,0.903,4.395026869728432,-0.032580534143837284,0.03908241629364443,674,309,Early_Degradation
2004.02.17.03.02.39,0.10283863459626931,0.8056773825533741,0.977,4.823089626931873,-0.02134167948916816,0.040401911279824544,675,308,Early_Degradation
2004.02.17.03.12.39,0.104138791478608,0.767350526474162,1.0670000000000002,5.156579414929311,-0.0453236704588022,0.03822595479894377,676,307,Early_Degradation
2004.02.17.03.22.39,0.10527105383433104,0.8042036898939058,1.052,5.034621867544539,-0.02149548155331198,0.04216302614032728,677,306,Early_Degradation
2004.02.17.03.32.39,0.10531576914436294,0.8374606137177665,0.9650000000000001,4.823588678992277,-0.005411978713467028,0.03646876669895354,678,305,Early_Degradation
2004.02.17.03.42.39,0.10321447893638458,0.7876753191941406,0.877,4.379230131910904,0.004344139839311848,0.04130415385579963,679,304,Early_Degradation
2004.02.17.03.52.39,0.10400314819265989,0.7657113842738918,0.9470000000000001,4.692165204214357,-0.029368027861976297,0.03985996276663024,680,303,Early_Degradation
2004.02.17.04.02.39,0.10480054064895132,0.8513716239181859,0.969,4.770967298395615,-0.04638696069503723,0.04030702408966129,681,302,Early_Degradation
2004.02.17.04.12.39,0.10488916094613579,0.8011197732616546,1.03,5.005283150437005,-0.005933738228531229,0.04322998840142464,682,301,Early_Degradation
2004.02.17.04.22.39,0.10448049403028538,0.8875430047913371,1.057,5.091859050046229,-0.011294745799652235,0.04133958478167568,683,300,Early_Degradation
2004.02.17.04.32.39,0.10532482726442635,0.8239941692202497,1.05,5.098512506141538,-0.053580327548383336,0.04048045083347808,684,299,Early_Degradation
2004.02.17.04.42.39,0.10710761691664371,0.9259360914985333,1.07,5.247058647255582,-0.03482180885041305,0.03691876108799546,685,298,Early_Degradation
2004.02.17.04.52.39,0.10712431104832426,1.0499797079690092,0.997,4.835503225885819,0.0012977414078426674,0.030348137872432873,686,297,Early_Degradation
2004.02.17.05.02.39,0.10520757314597474,0.8787991225503635,1.065,5.199244993975782,-0.0303828961021568,0.041197908287277596,687,296,Early_Degradation
2004.02.17.05.12.39,0.1051648280769437,0.8321046946773341,0.927,4.849529646276442,-0.03051343558569358,0.04164475252603885,688,295,Early_Degradation
2004.02.17.05.22.39,0.10574962299541249,0.8605328986184082,0.9450000000000001,4.643042118371229,-0.03352447307743038,0.0413364737953907,689,294,Early_Degradation
2004.02.17.05.32.39,0.10543929148781836,0.9539876786626973,1.145,5.5292475554511835,-0.08485689422111355,0.03860682016613468,690,293,Early_Degradation
2004.02.17.05.42.39,0.10669288280028043,0.9485028239098772,0.944,4.5270119435615355,-0.02196034307258449,0.03973333561962884,691,292,Early_Degradation
2004.02.17.05.52.39,0.10714596999756337,0.932492736168892,1.028,5.198515147396728,-0.023710010554168236,0.0393649258238008,692,291,Early_Degradation
2004.02.17.06.02.39,0.10824558011870218,1.0423942932084937,1.008,4.665317076161871,-0.059173989208342936,0.039525008086661075,693,290,Early_Degradation
2004.02.17.06.12.39,0.1066530244622867,1.1178083967298198,1.054,5.100651873082547,-0.02320078481346431,0.028812440186442873,694,289,Early_Degradation
2004.02.17.06.22.39,0.10575230009134258,0.9838773110024168,0.977,4.642924580804933,-0.0176094192684152,0.04409953131495569,695,288,Early_Degradation
2004.02.17.06.32.39,0.10728003431076423,1.068532133388807,1.074,5.164054541170739,-0.053502390095079705,0.04090174107872878,696,287,Early_Degradation
2004.02.17.06.42.39,0.1092699857470305,1.1376804821538258,1.028,4.850370830314627,-0.053414763432014706,0.04154762374954717,697,286,Early_Degradation
2004.02.17.06.52.39,0.10650088073652841,0.9490147794299428,0.984,4.741744378920877,-0.0430458749481006,0.03877607461313379,698,285,Early_Degradation
2004.02.17.07.02.39,0.10979059235618448,1.0141714282015117,1.0979999999999999,5.246350667895339,-0.02149128811196038,0.043252094007313086,699,284,Early_Degradation
2004.02.17.07.12.39,0.11276782356350593,1.0775865528894446,1.092,4.895012900014061,0.010692169773799949,0.03826136071793089,700,283,Severe_Fault
2004.02.17.07.22.39,0.12028870746886945,1.345963647530156,1.169,4.888239000072252,-0.008205888018520827,0.029971253623548202,701,282,Severe_Fault
2004.02.17.07.32.39,0.16689628653443545,2.3890722982950106,1.584,4.841329716584135,-0.1349700516951401,0.05224829005583296,702,281,Severe_Fault
2004.02.17.07.42.39,0.1717619405135619,2.3850877136573763,1.75,5.129191869129587,-0.09728691498686165,0.0514072656555844,703,280,Severe_Fault
2004.02.17.07.52.39,0.1737544359258383,2.6268074089323488,1.782,5.19698932127134,-0.04025486919192273,0.05634055963014182,704,279,Severe_Fault
2004.02.17.08.02.39,0.17177918437224501,2.6189030455499056,1.76,5.670069670307947,-0.1417596614112363,0.0442897383886894,705,278,Severe_Fault
2004.02.17.08.12.39,0.16911726137713776,2.507133901376002,1.6669999999999998,5.008358951766427,-0.1168414779399861,0.05102195974731414,706,277,Severe_Fault
2004.02.17.08.22.39,0.17369180469319248,2.5064066518245713,1.6949999999999998,4.991599641764699,-0.015041003205504614,0.051959467594855514,707,276,Severe_Fault
2004.02.17.08.32.39,0.16859953520542212,2.4672653367974213,1.643,5.1542250540546135,-0.12751043045232785,0.0594370356364761,708,275,Severe_Fault
2004.02.17.08.42.39,0.16686560557006835,2.686524509219736,1.662,5.04597665087231,-0.07891080344932823,0.05877535526577422,709,274,Severe_Fault
2004.02.17.08.52.39,0.17252337180324112,2.2215812294847064,1.526,4.497941043637841,-0.09168321062484432,0.055509075922368825,710,273,Severe_Fault
2004.02.17.09.02.39,0.16982476952361808,2.547557372864662,1.722,5.882533766876263,-0.018109164324489644,0.052648744153903984,711,272,Severe_Fault
2004.02.17.09.12.39,0.1688369467847881,2.248777066522476,1.641,5.075902908463309,-0.03884108424155056,0.05345829840732186,712,271,Severe_Fault
2004.02.17.09.22.39,0.16849347762436717,2.29543109013067,1.569,4.706413352710007,-0.05479712710379407,0.05386278876662218,713,270,Severe_Fault
2004.02.17.09.32.39,0.16950951531182548,2.236064581689714,1.492,4.5248194671600075,-0.1002138237481717,0.05712221218645611,714,269,Severe_Fault
2004.02.17.09.42.39,0.16993603015753642,2.384176895930011,1.699,5.2725719580695065,-0.10499995365973235,0.0580556159493725,715,268,Severe_Fault
2004.02.17.09.52.39,0.16509543064755947,2.7590090372117437,1.601,5.17276550248951,-0.08651695112745453,0.05049607207829026,716,267,Severe_Fault
2004.02.17.10.02.39,0.16552700491300126,2.5098751429398396,1.592,5.24989833506473,-0.10884377951468961,0.04729818420184778,717,266,Severe_Fault
2004.02.17.10.12.39,0.16503688256696403,2.373606332702642,1.623,5.174600580009636,-0.12873370487884986,0.058337682054233266,718,265,Severe_Fault
2004.02.17.10.22.39,0.16810142507227036,2.3706120727907978,1.499,4.515130996196969,-0.09561982633912822,0.052654325526360936,719,264,Severe_Fault
2004.02.17.10.32.39,0.16409903551523772,2.5158891668515384,1.619,5.149329158782559,-0.11029405038528899,0.05837230769311979,720,263,Severe_Fault
2004.02.17.10.42.39,0.16516423703487537,2.3421508310443384,1.563,4.952645712890119,-0.09967779281608886,0.055943320219917804,721,262,Severe_Fault
2004.02.17.10.52.39,0.16412790006005987,2.578314431277734,1.553,5.026567386973398,-0.09651947641963422,0.05689193620577342,722,261,Severe_Fault
2004.02.17.11.02.39,0.16383674542174786,2.531885326050883,1.5750000000000002,4.8890128343793755,-0.12135667396202172,0.04671316712540662,723,260,Severe_Fault
2004.02.17.11.12.39,0.16321589900343655,2.6241708680097338,1.553,4.803453320126366,-0.12754527339732658,0.05877028470870597,724,259,Severe_Fault
2004.02.17.11.22.39,0.16847889623499585,2.3984384000021723,1.634,4.944239125330766,-0.10011542631288156,0.04531864019252372,725,258,Severe_Fault
2004.02.17.11.32.39,0.16697350674021613,2.3044913572063175,1.662,5.072660722105982,-0.10277178109530763,0.05744117815018848,726,257,Severe_Fault
2004.02.17.11.42.39,0.16563809588555936,2.6610620225085304,1.611,5.14374391958245,-0.06898382663531083,0.04775850148195105,727,256,Severe_Fault
2004.02.17.11.52.39,0.16415866735084764,2.4481806492189087,1.631,5.1291836264033615,-0.059910718152897474,0.04893313802541315,728,255,Severe_Fault
2004.02.17.12.02.39,0.16524972475984076,2.348742119130721,1.682,5.258707381666465,-0.07834211700700733,0.04445351351803107,729,254,Severe_Fault
2004.02.17.12.12.39,0.16630584896626643,2.555336429076207,1.704,5.195246910544831,-0.05067124987241958,0.059577702876092556,730,253,Severe_Fault
2004.02.17.12.22.39,0.1575511747218979,2.756871698389002,1.613,5.560097828183742,-0.10127559217528966,0.04548272364228623,731,252,Severe_Fault
2004.02.17.12.32.39,0.16212426031057164,2.539827058969368,1.57,4.866637169675833,-0.07638029661373541,0.054636381590542196,732,251,Severe_Fault
2004.02.17.12.42.39,0.1558261737820283,2.464085946432145,1.526,5.1531776015463935,-0.08740517331296606,0.05159923048073117,733,250,Severe_Fault
2004.02.17.12.52.39,0.15678997088686228,2.397824838205458,1.604,5.606225570205762,-0.08235462543050774,0.04475633926137221,734,249,Severe_Fault
2004.02.17.13.02.39,0.1541765147649866,2.380993795300869,1.538,5.085080242890817,-0.05083976910492171,0.044381945892573375,735,248,Severe_Fault
2004.02.17.13.12.39,0.15502766606671775,2.3857241830328233,1.552,5.508693813048403,-0.07974910128105614,0.049108113867662756,736,247,Severe_Fault
2004.02.17.13.22.39,0.15479955490008887,2.326244291018452,1.545,5.4392917741302815,-0.0451468627100626,0.04834615563970554,737,246,Severe_Fault
2004.02.17.13.32.39,0.1450686467016887,2.2603903426575673,1.472,5.314724886337388,-0.180925884572745,0.04540155586271616,738,245,Severe_Fault
2004.02.17.13.42.39,0.14251295959436022,2.398569851860411,1.446,5.192509861427269,-0.08434773312960187,0.037505180922516757,739,244,Severe_Fault
2004.02.17.13.52.39,0.14808891668890603,2.158488613774588,1.4500000000000002,5.354890589935021,-0.054764321966497546,0.04469841503444128,740,243,Severe_Fault
2004.02.17.14.02.39,0.14527101457545222,2.2044594195762057,1.557,5.761644501689813,-0.16539356866168542,0.0417014202033691,741,242,Severe_Fault
2004.02.17.14.12.39,0.1439164398197462,2.0271482740199875,1.428,4.968160352034321,-0.09428018059840623,0.04240414195834046,742,241,Severe_Fault
2004.02.17.14.22.39,0.13972712158296033,2.342641300811165,1.3900000000000001,5.052705169008826,-0.10366597950892527,0.032976502311730015,743,240,Severe_Fault
2004.02.17.14.32.39,0.13942111694991724,1.9866054341726365,1.377,5.0637949602402,-0.1211387100892232,0.03741192702409108,744,239,Severe_Fault
2004.02.17.14.42.39,0.1397635746076544,2.0716523614208295,1.375,5.051387326547824,-0.1608252571450786,0.03435744183059375,745,238,Severe_Fault
2004.02.17.14.52.39,0.14242094915360065,1.9998288945603404,1.443,5.195864459822321,-0.07639618602335731,0.043409481625878425,746,237,Severe_Fault
2004.02.17.15.02.39,0.13856824279089436,2.2251644103888673,1.491,5.636211644947012,-0.1446606286136689,0.03241705406821271,747,236,Severe_Fault
2004.02.17.15.12.39,0.14059532065276256,2.0884088755661026,1.4249999999999998,5.085517397202059,-0.13167135183397427,0.04036639540841332,748,235,Severe_Fault
2004.02.17.15.22.39,0.1344781462772739,2.5143137121380645,1.433,5.629167003443882,-0.06836804061909312,0.03408961166865569,749,234,Severe_Fault
2004.02.17.15.32.39,0.14053554724361556,2.029423852596696,1.367,4.931136387061805,-0.0453170028682196,0.0400520062418731,750,233,Severe_Fault
2004.02.17.15.42.39,0.1395541734739036,2.174915562196098,1.4409999999999998,5.338428282512318,-0.0914008024227015,0.034779781862530806,751,232,Severe_Fault
2004.02.17.15.52.39,0.13509444305715124,2.2229778685297505,1.353,5.188962123437032,-0.0877227269969415,0.03326332190442699,752,231,Severe_Fault
2004.02.17.16.02.39,0.135658014414925,2.1120656548190597,1.487,5.867695651864621,-0.1733873901842237,0.03139032530029144,753,230,Severe_Fault
2004.02.17.16.12.39,0.13497136089451994,2.2537976858385402,1.484,5.897546974032543,-0.1034686882208997,0.038725325391392035,754,229,Severe_Fault
2004.02.17.16.22.39,0.13189689984036773,2.2796867432564882,1.459,6.474753662034839,-0.18245891263737352,0.0357166879977966,755,228,Severe_Fault
2004.02.17.16.32.39,0.12851723194284104,1.9454752438008258,1.3210000000000002,5.337805181853369,-0.13136845360382987,0.03534096698581817,756,227,Severe_Fault
2004.02.17.16.42.39,0.12589233138504705,1.997542800174501,1.264,5.369667388522274,-0.10751198199200677,0.03860065702258275,757,226,Severe_Fault
2004.02.17.16.52.39,0.12576345778664455,1.909259789834607,1.3519999999999999,5.589858584311835,-0.12252295098274688,0.029739137312568532,758,225,Severe_Fault
2004.02.17.17.02.39,0.12436039114109293,2.0802240990981096,1.45,5.8700357453155805,-0.13352677000435864,0.03924181698249099,759,224,Severe_Fault
2004.02.17.17.12.39,0.12274867278273062,1.8499449241387067,1.3210000000000002,5.54792104128232,-0.07868867589669111,0.03525951702310353,760,223,Severe_Fault
2004.02.17.17.22.39,0.12051210248644377,1.8363394045741623,1.565,7.493022745755761,-0.07787959904526649,0.04310165714979213,761,222,Severe_Fault
2004.02.17.17.32.39,0.11666324734572582,1.4947850896938135,1.276,5.751596648904844,-0.1193046837291084,0.04079865639248291,762,221,Severe_Fault
2004.02.17.17.42.39,0.11792317642053819,1.7735457066958284,1.448,7.063920381436707,-0.10915909823304085,0.038739745719540704,763,220,Severe_Fault
2004.02.17.17.52.39,0.11285861527156722,1.4246082301984373,1.206,5.475877439698837,-0.07585617893913278,0.04091836543402219,764,219,Severe_Fault
2004.02.17.18.02.39,0.11249116241329249,1.552294876927517,1.162,5.182628889830203,-0.16297966657735716,0.034928642418213404,765,218,Severe_Fault
2004.02.17.18.12.39,0.11132827171042965,1.3309587974609647,1.175,5.793676055089729,-0.10000862201306106,0.038560151738674574,766,217,Severe_Fault
2004.02.17.18.22.39,0.1111174328659493,1.3866856891104478,1.1989999999999998,5.426690755720969,-0.1641831282160322,0.036470596680106514,767,216,Severe_Fault
2004.02.17.18.32.39,0.11086750498730173,1.6093428330193849,1.213,5.502062529947268,-0.18889016875287884,0.030199274179912555,768,215,Severe_Fault
2004.02.17.18.42.39,0.11017193970711474,1.3689570075773423,1.224,5.654796902988526,-0.13173266903017383,0.035319778857813504,769,214,Severe_Fault
2004.02.17.18.52.39,0.11003507652747033,1.273868225323242,1.096,4.989317656081834,-0.15478624773317098,0.042406496434496566,770,213,Severe_Fault
2004.02.17.19.02.39,0.1070069605194418,1.2220807735566197,1.101,5.205268379210869,-0.15159655183990764,0.043102856274748046,771,212,Severe_Fault
2004.02.17.19.12.39,0.1072848457833893,1.073305002899736,1.028,5.005366284727231,-0.15020876609878686,0.0376190541733889,772,211,Severe_Fault
2004.02.17.19.22.39,0.10781778904599011,1.2331512796328292,1.306,6.631558113099803,-0.1398801368810436,0.0434149780370684,773,210,Severe_Fault
2004.02.17.19.32.39,0.10573701784786337,1.1528874123752004,1.087,5.428561892489386,-0.1133422140112855,0.02812399684034139,774,209,Severe_Fault
2004.02.17.19.42.39,0.10385260668859317,0.9432393234140064,1.169,6.229982648776768,-0.1403092427573264,0.03383113594082801,775,208,Severe_Fault
2004.02.17.19.52.39,0.10678984226112637,1.1755023973384349,1.218,6.077356474031278,-0.12762794921655,0.04069176562193872,776,207,Severe_Fault
2004.02.17.20.02.39,0.1052975265226913,0.8799226510924183,1.0430000000000001,5.033356121164209,-0.13839677752328658,0.042853515715893464,777,206,Severe_Fault
2004.02.17.20.12.39,0.10424662858007687,1.0331776509628554,1.009,4.968985159191481,-0.09988539913772561,0.0401962080533452,778,205,Severe_Fault
2004.02.17.20.22.39,0.10346354326600385,1.000355245197536,1.005,5.0452549088271,-0.12433339663790156,0.0402995997986109,779,204,Severe_Fault
2004.02.17.20.32.39,0.10303147274012928,0.9084447005643232,1.042,5.376997256239864,-0.08751767018835731,0.03845758056256316,780,203,Severe_Fault
2004.02.17.20.42.39,0.09932441224184264,0.7717927254108252,1.0150000000000001,5.356185195869009,-0.11870971133454765,0.038027757660398384,781,202,Severe_Fault
2004.02.17.20.52.39,0.10277105523892355,0.9268405707904264,1.03,5.273857955446421,-0.07435789981845702,0.02908006438580964,782,201,Severe_Fault
2004.02.17.21.02.39,0.10151048547864094,0.9667239500366183,1.3079999999999998,6.826880282008038,-0.11114737885400204,0.02802441753915226,783,200,Severe_Fault
2004.02.17.21.12.39,0.10050111138028213,0.6652145802848772,0.966,4.805916524775837,-0.12077170065060486,0.03202102541403059,784,199,Severe_Fault
2004.02.17.21.22.39,0.09937990578496302,0.7488124696956069,0.871,4.73938819810578,-0.11016758176460514,0.03344329247297089,785,198,Severe_Fault
2004.02.17.21.32.39,0.10260710653042934,0.8222244311026881,1.021,5.21406329395622,-0.06994686720304487,0.03631291477233862,786,197,Severe_Fault
2004.02.17.21.42.39,0.10001234542935812,0.6527158309279764,0.918,5.419330418458465,-0.15633968564534023,0.03751654484914671,787,196,Severe_Fault
2004.02.17.21.52.39,0.10276615596829532,0.6411511578676281,0.992,5.040569482370391,-0.06649134295298005,0.039035714193858845,788,195,Severe_Fault
2004.02.17.22.02.39,0.10079244075465804,0.688527101475187,0.952,4.792025557307709,-0.05380711704147773,0.03680238429178933,789,194,Severe_Fault
2004.02.17.22.12.39,0.10071724420996635,0.8693732490038779,0.981,4.964392684471368,-0.04303829269138597,0.04084814575495548,790,193,Severe_Fault
2004.02.17.22.22.39,0.10212575566772138,0.8122074071808996,1.0670000000000002,5.3561409936424,-0.06797729414654395,0.03568342840288431,791,192,Severe_Fault
2004.02.17.22.32.39,0.10275559452911188,0.7643725473661331,1.1280000000000001,5.916952197266733,-0.06600214954770775,0.02840792346656781,792,191,Severe_Fault
2004.02.17.22.42.39,0.10324720860141631,0.8305410434162077,0.9690000000000001,5.133310196433027,-0.07616936164575636,0.0378029610756839,793,190,Severe_Fault
2004.02.17.22.52.39,0.10473901018200549,0.8673107336548807,1.0250000000000001,5.337074941398375,-0.04741288745911281,0.03889350664262159,794,189,Severe_Fault
2004.02.17.23.02.39,0.10546040777193058,1.0399953829715907,1.048,5.072993368535622,-0.004060615255579721,0.031255239839266966,795,188,Severe_Fault
2004.02.17.23.12.39,0.10417618977302347,0.9779203766262876,1.084,5.346710680688852,-0.03322860280978863,0.041893553270342186,796,187,Severe_Fault
2004.02.17.23.22.39,0.10512936366909462,0.8677298220452299,1.072,5.203112897083722,-0.00791426356651985,0.044214838158355196,797,186,Severe_Fault
2004.02.17.23.32.39,0.10303119336706057,0.9835885532070137,1.125,6.134064044155895,-0.0106392795603171,0.04131074513497166,798,185,Severe_Fault
2004.02.17.23.42.39,0.10615366979680035,0.9646319369650573,1.079,5.520298506106644,-0.009901110585349303,0.04365722424776027,799,184,Severe_Fault
2004.02.17.23.52.39,0.1057892064492965,0.8522948759061766,1.03,5.028867949456656,-0.028719287434431518,0.041104863597651004,800,183,Severe_Fault
2004.02.18.00.02.39,0.10624512879458581,1.0616526237676327,1.021,5.035524505590494,-0.01629533373485568,0.04015352065802752,801,182,Severe_Fault
2004.02.18.00.12.39,0.10636952169904862,0.943261495800948,1.013,4.954426249530189,0.023695013734024172,0.04003622741069342,802,181,Severe_Fault
2004.02.18.00.22.39,0.10593802474980656,1.0365573859673773,1.0619999999999998,5.437140696071406,0.04195991636813059,0.04192460679452702,803,180,Severe_Fault
2004.02.18.00.32.39,0.1089140454078783,1.0071678875967942,1.126,5.9221006653778865,0.043105896327391896,0.038333129221748724,804,179,Severe_Fault
2004.02.18.00.42.39,0.1074263562701648,0.9072687402430022,1.045,4.998772821278416,0.026896888734260303,0.04410442152077715,805,178,Severe_Fault
2004.02.18.00.52.39,0.10872704274567,1.060751117656622,1.094,5.0953280348350365,0.08066783897263262,0.03878164582107943,806,177,Severe_Fault
2004.02.18.01.02.39,0.1102030913263808,1.030564302451337,1.052,5.362825482103963,0.04759964032442939,0.030273800268891704,807,176,Severe_Fault
2004.02.18.01.12.39,0.10984870721388805,0.9164351948112492,1.1280000000000001,5.735160282056984,-0.018425904284794417,0.04131824065772831,808,175,Severe_Fault
2004.02.18.01.22.39,0.10855998823195347,0.8935671532086928,0.9670000000000001,4.67944001725744,-0.003635669787789149,0.037587471763786046,809,174,Severe_Fault
2004.02.18.01.32.39,0.10971438572742807,0.8486574602590657,0.981,4.55728709696573,-0.006496539322708065,0.041658319084143636,810,173,Severe_Fault
2004.02.18.01.42.39,0.11021514449553597,0.906351215034003,1.013,4.609166519115804,0.032004300685968136,0.035182812028383956,811,172,Severe_Fault
2004.02.18.01.52.39,0.10842924185053242,1.0126761241968207,1.17,5.856353236443382,0.007319705784382463,0.04172782949348549,812,171,Severe_Fault
2004.02.18.02.02.39,0.10878737571627682,0.832382817194703,1.0030000000000001,4.982195283316803,-0.03151730825191958,0.03166612466110633,813,170,Severe_Fault
2004.02.18.02.12.39,0.10945516459555768,0.8226663722894187,0.976,4.613760855674482,0.02122378402809013,0.04364475000423114,814,169,Severe_Fault
2004.02.18.02.22.39,0.11022510370295927,0.8273301046767609,1.0230000000000001,4.853703317029435,0.008109121660961255,0.03780968986215099,815,168,Severe_Fault
2004.02.18.02.32.39,0.11007236278388924,0.9088525634526534,1.142,5.541808399076165,-0.00816056278711879,0.04139227912675733,816,167,Severe_Fault
2004.02.18.02.42.39,0.11049097592889091,0.8800067254017039,1.1179999999999999,5.258347503333134,0.004961757268095486,0.03720460401513825,817,166,Severe_Fault
2004.02.18.02.52.39,0.11108235613161074,0.9103188476473094,1.128,5.077313525458856,0.006291369222905586,0.04184846960993774,818,165,Severe_Fault
2004.02.18.03.02.39,0.11181097024177122,0.7821177360607572,1.018,4.7133116878186465,-0.033065986871466425,0.029189291684627014,819,164,Severe_Fault
2004.02.18.03.12.39,0.11377855346468255,1.0525077600426584,1.275,5.774374187840192,0.07034812342742032,0.04352179756276719,820,163,Severe_Fault
2004.02.18.03.22.39,0.11121312854576793,1.0037087771263522,1.162,5.574880882845054,-0.053252415447461725,0.035536802393701675,821,162,Severe_Fault
2004.02.18.03.32.39,0.11279849657720675,0.9866371510161294,1.091,5.106450585901574,0.0443681816109607,0.04377393546834854,822,161,Severe_Fault
2004.02.18.03.42.39,0.13760685088379956,1.4340807064842034,1.27,4.774471242061075,0.01172348147276447,0.04143512174609344,823,160,Severe_Fault
2004.02.18.03.52.39,0.137160508627495,1.4277365827989579,1.3199999999999998,5.052474333974137,-0.07528488159277225,0.038010499812134814,824,159,Severe_Fault
2004.02.18.04.02.39,0.13582555879463556,1.5253678310169114,1.428,5.426077037927397,0.00823954006588212,0.03725683944010634,825,158,Severe_Fault
2004.02.18.04.12.39,0.14128292273948928,1.3180243004515324,1.338,5.046610982479365,-0.06117201156246287,0.03978934072866512,826,157,Severe_Fault
2004.02.18.04.22.39,0.1392439846307889,1.6541833883366017,1.37,5.5585880170436965,-0.03807444740499683,0.04038815729666191,827,156,Severe_Fault
2004.02.18.04.32.39,0.14149214397499468,1.3526310858658794,1.292,4.6080293619335615,-0.004010183036345891,0.04428565059775283,828,155,Severe_Fault
2004.02.18.04.42.39,0.1454615141527455,1.4379920350952462,1.5070000000000001,5.424114758838158,-0.033342191609270086,0.04193652332732519,829,154,Severe_Fault
2004.02.18.04.52.39,0.14226609709559232,1.4857916003122567,1.304,4.702455234474655,-0.0529089364161842,0.03905930782187233,830,153,Severe_Fault
2004.02.18.05.02.39,0.14848516833288014,1.6212744292805032,1.3639999999999999,4.667132489455643,-0.09141194306664531,0.04288130697945028,831,152,Severe_Fault
2004.02.18.05.12.39,0.14734120640036724,1.7901524761320955,1.3940000000000001,4.8866163697438125,-0.029541712478998193,0.04979318372596065,832,151,Severe_Fault
2004.02.18.05.22.39,0.1502073183189238,1.604501405928647,1.391,4.646910425821499,-0.026767457691751123,0.043022157740890216,833,150,Severe_Fault
2004.02.18.05.32.39,0.15236047087725052,1.8112709395100897,1.44,4.791268679363947,-0.03303145187063687,0.04196414614899018,834,149,Severe_Fault
2004.02.18.05.42.39,0.15797473112440522,1.7398433612694593,1.5550000000000002,5.595831293712008,-0.031603363833652705,0.04838031705787263,835,148,Severe_Fault
2004.02.18.05.52.39,0.15642608499978314,2.043003855422814,1.56,5.229306529713818,-0.06023166377335758,0.048987085838102684,836,147,Severe_Fault
2004.02.18.06.02.39,0.15855086181175426,1.7222144144207405,1.514,4.850178313197959,-0.05049292633003828,0.045381645638720325,837,146,Severe_Fault
2004.02.18.06.12.39,0.16185369038067607,1.6780698803653467,1.4140000000000001,4.646171191831351,-0.060756004673961736,0.05046878083140153,838,145,Severe_Fault
2004.02.18.06.22.39,0.16324842971583986,2.0147890195042253,1.584,4.9188831537854245,-0.03924922652070763,0.048975348621962164,839,144,Severe_Fault
2004.02.18.06.32.39,0.16117788570347902,1.797566551405458,1.673,5.894108468494506,-0.0595620674362826,0.04326288173570225,840,143,Severe_Fault
2004.02.18.06.42.39,0.16386026151185765,1.9389616056842733,1.4969999999999999,4.827283591695744,-0.05274738790808231,0.04401570454577426,841,142,Severe_Fault
2004.02.18.06.52.39,0.16414073566155243,1.7150538029522142,1.487,4.569249377887264,-0.07858510973253756,0.04788682431703891,842,141,Severe_Fault
2004.02.18.07.02.39,0.16522868178726188,1.9828216546950328,1.5350000000000001,4.666259786119298,-0.07342365663585552,0.04226014100529295,843,140,Severe_Fault
2004.02.18.07.12.39,0.16665703036921176,2.070871004476122,1.724,5.274304632151542,-0.037869769467666896,0.055961587302466254,844,139,Severe_Fault
2004.02.18.07.22.39,0.1676587770662298,2.181972050930778,1.604,4.8372054587251245,-0.051197906703095056,0.049976237458755346,845,138,Severe_Fault
2004.02.18.07.32.39,0.16649171030297388,2.246652075464767,1.682,5.411680522973768,-0.018545103252822024,0.04749914996701543,846,137,Severe_Fault
2004.02.18.07.42.39,0.16421813585161088,2.048758309317642,1.572,5.230847026955235,-0.07262711095512056,0.04521257977814311,847,136,Severe_Fault
2004.02.18.07.52.39,0.1702835500051128,1.7639682780390604,1.516,4.803752047322944,-0.08757315432309917,0.04834539935255705,848,135,Severe_Fault
2004.02.18.08.02.39,0.1736250683382695,1.9486580019141284,1.694,4.935922898939333,-0.028579715925904556,0.052625009527755895,849,134,Severe_Fault
2004.02.18.08.12.39,0.17298654888097514,1.8538147939928216,1.499,4.404966518377306,-0.09796476911102772,0.05869150872293854,850,133,Severe_Fault
2004.02.18.08.22.39,0.173294136130417,1.9501769099867907,1.665,5.01459523823737,-0.09409324882696408,0.04839217270143615,851,132,Severe_Fault
2004.02.18.08.32.39,0.1684884876155768,1.923412204252612,1.591,4.866801067161933,-0.09955168912419245,0.047758381951347566,852,131,Severe_Fault
2004.02.18.08.42.39,0.16292540036465883,1.854188484898926,1.48,4.572644612847958,-0.08995591302376342,0.05906076658264034,853,130,Severe_Fault
2004.02.18.08.52.39,0.16105745377960237,1.866960290933977,1.404,4.6691409534988555,-0.11141272280160232,0.04911446744461035,854,129,Severe_Fault
2004.02.18.09.02.39,0.16325168287919922,1.88557456362995,1.509,4.771772875742452,-0.14509940033208898,0.053841309872518166,855,128,Severe_Fault
2004.02.18.09.12.39,0.16558045303048682,2.042238958693524,1.506,4.777133639578967,-0.10218524889225877,0.04806565232881371,856,127,Severe_Fault
2004.02.18.09.22.39,0.17137651092286174,1.9705789740506274,1.558,4.732270182827665,-0.08938233767076162,0.051813184244131276,857,126,Severe_Fault
2004.02.18.09.32.39,0.1615881583228061,1.6569415578388549,1.5259999999999998,5.07462896888514,-0.1704450391297974,0.04450576739171503,858,125,Severe_Fault
2004.02.18.09.42.39,0.1604859989512325,1.9853903021851318,1.557,4.866467831705663,-0.10380837841557744,0.05186680368488594,859,124,Severe_Fault
2004.02.18.09.52.39,0.16264127827950267,1.7371857208364903,1.5550000000000002,4.832721188541261,-0.1503320649166087,0.056055342544719736,860,123,Severe_Fault
2004.02.18.10.02.39,0.159670972878849,1.9300105775150938,1.587,5.135560545914459,-0.22381391663019726,0.054367487413312925,861,122,Severe_Fault
2004.02.18.10.12.39,0.16523961989311728,1.6979109469031748,1.506,4.563070012246538,-0.1673559495409295,0.04975584726844461,862,121,Severe_Fault
2004.02.18.10.22.39,0.16352310019344363,1.797294405900856,1.478,4.5865076753540786,-0.16869093418968828,0.05151090629239722,863,120,Severe_Fault
2004.02.18.10.32.39,0.16181308058026397,1.8622805302434573,1.447,4.5237378346525485,-0.15425541434590953,0.05368726403844953,864,119,Severe_Fault
2004.02.18.10.42.39,0.16014388473606908,1.8024402637382266,1.5990000000000002,5.001751714107597,-0.1194750635856015,0.05171199069879127,865,118,Severe_Fault
2004.02.18.10.52.39,0.15362154742738524,1.9897856647817393,1.553,5.1359979238131945,-0.2460716480050523,0.041032981208939195,866,117,Severe_Fault
2004.02.18.11.02.39,0.1511838291462169,1.9097440860459338,1.521,5.09975143080161,-0.2504137519454045,0.043253872944429644,867,116,Severe_Fault
2004.02.18.11.12.39,0.14981626670535897,2.010027807180683,1.591,5.4399963603610715,-0.20060921080611888,0.048327926735962756,868,115,Severe_Fault
2004.02.18.11.22.39,0.14933519507564602,1.8515875312725703,1.6429999999999998,5.544573361522992,-0.22664285420487984,0.044763017007215064,869,114,Severe_Fault
2004.02.18.11.32.39,0.14981858169758183,1.824710659518746,1.572,5.506659691911361,-0.22176533434565224,0.04250078695141222,870,113,Severe_Fault
2004.02.18.11.42.39,0.149862981364958,2.1437787973431313,1.572,5.324863682032401,-0.1816334420582538,0.049164184340916045,871,112,Severe_Fault
2004.02.18.11.52.39,0.16718367533592543,2.348869356891683,1.689,5.26965294627756,-0.25217780349263674,0.056484126809241954,872,111,Severe_Fault
2004.02.18.12.02.39,0.16999917035068693,2.207939092072202,1.724,5.241201740867098,-0.27618670340886425,0.048379056982288525,873,110,Severe_Fault
2004.02.18.12.12.39,0.16036722810961876,2.159949000136546,1.7970000000000002,6.179566423178054,-0.31137237028976983,0.04290261653167449,874,109,Severe_Fault
2004.02.18.12.22.39,0.1594284300757122,2.3122078844081697,1.668,5.2688215452718845,-0.28311816483617036,0.05056908011862557,875,108,Severe_Fault
2004.02.18.12.32.39,0.15939881317194618,1.9357105328770956,1.624,5.269800512227609,-0.22602988829770954,0.04295309779029653,876,107,Severe_Fault
2004.02.18.12.42.39,0.15437217640383338,2.0163595484224395,1.5699999999999998,5.363660509633354,-0.21668729933862094,0.044115351110930734,877,106,Severe_Fault
2004.02.18.12.52.39,0.150218535631478,1.9590216132875486,1.499,5.219062644391056,-0.2370123538629667,0.043556435465356126,878,105,Severe_Fault
2004.02.18.13.02.39,0.15378793961521742,2.3246693265761538,1.7349999999999999,5.9822632547079975,-0.21851439279646656,0.04187213833023529,879,104,Severe_Fault
2004.02.18.13.12.39,0.15559491551581947,2.1431939239028566,1.584,5.5207455972763375,-0.21989770583782897,0.04339411117761949,880,103,Severe_Fault
2004.02.18.13.22.39,0.15190021604581616,2.4133470314032266,1.714,5.674777598685097,-0.27398817943869475,0.044461912182823186,881,102,Severe_Fault
2004.02.18.13.32.39,0.1502383227185436,2.7027362077148753,1.565,5.477962814868345,-0.2640141466856439,0.0396813302169316,882,101,Severe_Fault
2004.02.18.13.42.39,0.1519778949926806,2.34280981199709,1.558,5.237603453201544,-0.25275323189338067,0.039434873075095564,883,100,Severe_Fault
2004.02.18.13.52.39,0.1554629642453569,2.4550896454244606,1.795,6.001428986734218,-0.28264150450619524,0.0387819358714966,884,99,Severe_Fault
2004.02.18.14.02.39,0.15592530873561505,2.2415569799395962,1.5030000000000001,4.944674836979475,-0.23518452245318444,0.04463310921945155,885,98,Severe_Fault
2004.02.18.14.12.39,0.15534268396963735,2.617530006241532,1.8279999999999998,6.2700084253101345,-0.1282857090451546,0.041714873591246024,886,97,Severe_Fault
2004.02.18.14.22.39,0.15443912888659403,2.784423139432196,1.684,5.562061574500043,-0.1713738248327954,0.04094360748024997,887,96,Severe_Fault
2004.02.18.14.32.39,0.1553537588243663,2.61616408241109,1.643,5.439198587807075,-0.2874570594797429,0.04356945518185576,888,95,Severe_Fault
2004.02.18.14.42.39,0.1636656377093154,2.826460757283755,1.763,5.608996223999608,-0.2556832077288674,0.04261146903622814,889,94,Severe_Fault
2004.02.18.14.52.39,0.1562463933958757,2.986025426473298,1.787,5.996938039117342,-0.27709477937801924,0.048813693727368754,890,93,Severe_Fault
2004.02.18.15.02.39,0.145387459832554,2.500774861310396,1.609,6.149085619480412,-0.2866468302396829,0.035817906156606356,891,92,Severe_Fault
2004.02.18.15.12.39,0.13575110964383036,1.8574887282894075,1.462,5.5911141063984235,-0.2550957718975143,0.04232698074830556,892,91,Severe_Fault
2004.02.18.15.22.39,0.1319658662069476,1.7284183537364086,1.411,5.402911877627216,-0.18389400944522818,0.04311529291105069,893,90,Severe_Fault
2004.02.18.15.32.39,0.12557964588633583,1.1700207117382746,1.2229999999999999,4.9769207885527065,-0.18909650772489328,0.0402682450741578,894,89,Severe_Fault
2004.02.18.15.42.39,0.12250529265511603,0.7577765261606118,1.291,5.738527106692891,-0.13343571797490406,0.03801779815001974,895,88,Severe_Fault
2004.02.18.15.52.39,0.12193231444797815,0.8535628017026946,1.123,4.928963691300856,-0.12124259523496805,0.0358411191907799,896,87,Severe_Fault
2004.02.18.16.02.39,0.11888064914120539,0.7442252875255817,1.115,4.803136221862391,-0.06286489926381517,0.040763874456671984,897,86,Severe_Fault
2004.02.18.16.12.39,0.12123167830323373,0.7446591645433762,1.123,4.87496304202039,0.0034635156321588256,0.04408539332612166,898,85,Severe_Fault
2004.02.18.16.22.39,0.12019822474738083,0.6216526602009442,1.194,5.199743584533957,0.01513756480063032,0.044937565141571184,899,84,Severe_Fault
2004.02.18.16.32.39,0.12071113848803731,0.6546762590964947,1.184,5.036817291654332,-0.03814794116918128,0.042759550520121946,900,83,Severe_Fault
2004.02.18.16.42.39,0.12601823908478982,0.6512671864651218,1.13,4.491412982727398,-0.009077999061364143,0.043217750480145575,901,82,Severe_Fault
2004.02.18.16.52.39,0.12889697940148995,0.7079267107692919,1.2970000000000002,5.2677723750788505,-0.02918422221605645,0.046666064121534984,902,81,Severe_Fault
2004.02.18.17.02.39,0.14386658265043908,0.8912405209916154,1.3479999999999999,5.074145335281019,-0.05088961815698416,0.04892215868299938,903,80,Severe_Fault
2004.02.18.17.12.39,0.1530643899497957,0.9429930692778719,1.294,4.625504037726736,-0.1122825369483,0.04885906126333329,904,79,Severe_Fault
2004.02.18.17.22.39,0.16624198964489612,1.348028731376786,1.611,5.034828754393518,-0.15382400122219914,0.04365765086656673,905,78,Severe_Fault
2004.02.18.17.32.39,0.17545500989725793,1.1832916895998533,1.48,4.2745998401139005,-0.19583726371785395,0.057063655754237275,906,77,Severe_Fault
2004.02.18.17.42.39,0.18285186194832348,1.385662486057388,1.78,5.326716044095333,-0.1474993992217441,0.05112566291674017,907,76,Severe_Fault
2004.02.18.17.52.39,0.18304781036359397,1.2336770503160857,1.47,4.190161884891514,-0.18561212556744408,0.05859650260653069,908,75,Severe_Fault
2004.02.18.18.02.39,0.18434091303017047,1.3033661897808928,1.5030000000000001,4.301812028304818,-0.19073549251913133,0.06306136192031392,909,74,Severe_Fault
2004.02.18.18.12.39,0.17369571009967763,1.0203749635404202,1.4969999999999999,4.45606834501063,-0.12467586737654203,0.06461093314956103,910,73,Severe_Fault
2004.02.18.18.22.39,0.16510211595072383,1.067268555058079,1.396,4.863656330141154,-0.201966999536157,0.05370073229821051,911,72,Severe_Fault
2004.02.18.18.32.39,0.17317741069831213,1.146197452969874,1.492,4.5560211996371995,-0.22195755048521912,0.0543948510811148,912,71,Severe_Fault
2004.02.18.18.42.39,0.17769195249213948,1.3526061061171646,1.6920000000000002,5.1549883694965715,-0.2817775343466567,0.05859920613651553,913,70,Severe_Fault
2004.02.18.18.52.39,0.1765543943106221,1.339958487414516,1.552,4.395245777243481,-0.26450341831244795,0.06118167467268614,914,69,Severe_Fault
2004.02.18.19.02.39,0.19303768417012682,1.830056361432022,1.772,5.15961405507782,-0.36030359222343433,0.06374966789106863,915,68,Severe_Fault
2004.02.18.19.12.39,0.17691763882590783,1.3679778747043594,1.385,4.459702043499342,-0.3393154272723732,0.05550311980388445,916,67,Severe_Fault
2004.02.18.19.22.39,0.17101502598113455,1.6965917277658908,1.5950000000000002,5.426423440932831,-0.3344773035146301,0.05382540377365019,917,66,Severe_Fault
2004.02.18.19.32.39,0.17515580745372283,1.7447864206890555,1.6360000000000001,4.978424426184916,-0.32924695247123387,0.05729882038457093,918,65,Severe_Fault
2004.02.18.19.42.39,0.16993852734495457,2.255060008475886,1.8330000000000002,5.472566814625532,-0.45077160384147585,0.05495147248975629,919,64,Severe_Fault
2004.02.18.19.52.39,0.17552127358377032,2.0630298792829587,1.746,5.093399397192332,-0.4857158727636599,0.05239072602662503,920,63,Severe_Fault
2004.02.18.20.02.39,0.16959605990457519,2.1145702826278567,1.621,5.165214031745486,-0.4971611916160733,0.05398121048986674,921,62,Severe_Fault
2004.02.18.20.12.39,0.18459811645737173,2.4108261616448203,1.762,5.1950689771570175,-0.5200580426597082,0.055218435650337454,922,61,Severe_Fault
2004.02.18.20.22.39,0.17965330544203745,2.0081460484581894,1.8090000000000002,5.070877750062571,-0.4343205614019899,0.07013344751889108,923,60,Severe_Fault
2004.02.18.20.32.39,0.17156891922189388,1.3135115993832214,1.7429999999999999,5.478847506148839,-0.2936082830587539,0.0681631639145936,924,59,Severe_Fault
2004.02.18.20.42.39,0.16924480048212523,1.0764268059592403,1.658,4.921864355114021,-0.17673628278770234,0.061061679762749135,925,58,Severe_Fault
2004.02.18.20.52.39,0.1579695922949849,0.7112063302087432,1.4020000000000001,4.6527938876968,-0.08883777360299291,0.07117375451073123,926,57,Severe_Fault
2004.02.18.21.02.39,0.1509290111484535,0.878651414831352,1.3599999999999999,4.67769547982147,0.006866219032791526,0.07017035735998814,927,56,Severe_Fault
2004.02.18.21.12.39,0.1583352741280449,0.5093037113259804,1.343,4.503102412873435,0.07674579637395851,0.07073347449808261,928,55,Severe_Fault
2004.02.18.21.22.39,0.1705056983331129,0.35985567966639387,1.4089999999999998,4.211002710814002,0.0681160814807222,0.05973158553713227,929,54,Severe_Fault
2004.02.18.21.32.39,0.1677026281379484,0.39780194254189105,1.35,4.281387627363318,-0.00043182890767171523,0.057904700975299796,930,53,Severe_Fault
2004.02.18.21.42.39,0.17962051482417904,0.5302426757931595,1.674,4.782304254153746,0.002574150153878601,0.06909866810541004,931,52,Severe_Fault
2004.02.18.21.52.39,0.192045559881796,0.7571049470480635,1.782,4.93112129888171,-0.005629730073812603,0.06445209536168343,932,51,Severe_Fault
2004.02.18.22.02.39,0.19999621285476882,0.8609358829813223,1.701,4.270080643573698,-0.03924812192373888,0.07988492763687155,933,50,Severe_Fault
2004.02.18.22.12.39,0.22445728524686076,1.4313680652798766,1.9939999999999998,4.468556029319024,-0.10669167686950069,0.07474552957917448,934,49,Severe_Fault
2004.02.18.22.22.39,0.26592951772685464,2.188355898835968,2.38,4.553838042550355,-0.11125421976237997,0.0993116873597678,935,48,Severe_Fault
2004.02.18.22.32.39,0.2011581127574153,1.8162248042569438,2.033,5.289371293661955,-0.16298525492234306,0.06538156431452719,936,47,Severe_Fault
2004.02.18.22.42.39,0.19690958785954438,1.4284091908193126,1.865,5.220669846338686,-0.1359941753525065,0.05589150826433991,937,46,Severe_Fault
2004.02.18.22.52.39,0.19559759904444923,1.1907125645598269,1.787,4.9284856021984025,-0.12753183836464382,0.06389012839659206,938,45,Severe_Fault
2004.02.18.23.02.39,0.16647280153930175,0.7069339010890472,1.433,4.7214917122634,-0.04484150656569219,0.05417811417579103,939,44,Severe_Fault
2004.02.18.23.12.39,0.16240046470838684,0.8365146408675304,1.4820000000000002,4.963039679824137,-0.024820652209428296,0.06077218108118061,940,43,Severe_Fault
2004.02.18.23.22.39,0.17006932323917576,0.8079763666608222,1.541,4.898002386053437,-0.04551257608637872,0.06371907588291499,941,42,Severe_Fault
2004.02.18.23.32.39,0.16308295465086547,0.23859552164660824,1.416,4.758314282925208,0.11723719608632369,0.06647675538501943,942,41,Severe_Fault
2004.02.18.23.42.39,0.19798816462121702,0.6918752464391398,1.6429999999999998,4.166915532093554,-0.004004138534845936,0.06127449715078725,943,40,Severe_Fault
2004.02.18.23.52.39,0.18847632684570761,0.6431576445294054,1.589,4.403735842337932,-0.05403764290827314,0.06556186685309172,944,39,Severe_Fault
2004.02.19.00.02.39,0.21543727935965637,1.4587115959458021,2.073,5.1894451667259105,-0.0800775765003318,0.07784119622882532,945,38,Severe_Fault
2004.02.19.00.12.39,0.18385103886621773,0.8855776669293616,1.7309999999999999,5.55340862234051,-0.14667225229555692,0.05855839905331023,946,37,Severe_Fault
2004.02.19.00.22.39,0.16387582177044147,0.26447976532175055,1.4209999999999998,4.442387825800866,0.12061113156540049,0.06030878965512715,947,36,Severe_Fault
2004.02.19.00.32.39,0.1583213382414958,0.3269080575747445,1.343,4.3961222395501265,0.05399367339447685,0.05443850855019074,948,35,Severe_Fault
2004.02.19.00.42.39,0.16120348893169154,0.5962783117213477,1.362,4.770367920648277,-0.25055731948641863,0.059544823561762085,949,34,Severe_Fault
2004.02.19.00.52.39,0.18293621668494187,0.9118408191974585,1.5870000000000002,5.0181422052670115,-0.423249668139527,0.062194134608578894,950,33,Severe_Fault
2004.02.19.01.02.39,0.2144247164699143,1.374046176080066,1.992,5.088032606878839,-0.2926748782430145,0.059947142134360976,951,32,Severe_Fault
2004.02.19.01.12.39,0.23728752594838,1.2521377158068745,2.377,5.183584527876663,-0.17984195166781017,0.06797506264437457,952,31,Severe_Fault
2004.02.19.01.22.39,0.198759839575617,0.3930067403957853,1.452,3.8186786799274723,-0.19093677965180295,0.06238366239915373,953,30,Severe_Fault
2004.02.19.01.32.39,0.2361434556379342,0.6124751846308487,1.799,4.124611271240427,-0.19319551082658498,0.08740911735954793,954,29,Severe_Fault
2004.02.19.01.42.39,0.20298839432938495,0.5611380194014495,1.587,4.246547988038031,-0.22013436599357836,0.06387025417638476,955,28,Severe_Fault
2004.02.19.01.52.39,0.2210419021583139,0.4655669752736662,1.814,4.17567868006377,-0.11280704661740533,0.056226166661629065,956,27,Severe_Fault
2004.02.19.02.02.39,0.20722116595824314,0.16874461540068753,1.489,3.8992153975750967,-0.1609940615000826,0.06082578305833422,957,26,Severe_Fault
2004.02.19.02.12.39,0.2615312065920325,0.819911092895623,2.058,4.068347992506585,-0.10261151291043294,0.09214135985366989,958,25,Severe_Fault
2004.02.19.02.22.39,0.201622636741226,0.5009320077403623,1.538,3.9975668062450667,-0.26483687107115017,0.05420827120922353,959,24,Severe_Fault
2004.02.19.02.32.39,0.22289943638384188,0.5709460275133078,1.9529999999999998,4.993282926703052,-0.041422024337299315,0.08525041819659669,960,23,Severe_Fault
2004.02.19.02.42.39,0.25924244834032173,0.16828137278919275,2.368,5.018468071661727,-0.08595345870240616,0.0879152105091413,961,22,Severe_Fault
2004.02.19.02.52.39,0.2316656449388253,0.2930961828855869,1.948,4.584192681821726,0.019681875412551994,0.09071577632196244,962,21,Severe_Fault
2004.02.19.03.02.39,0.23457642022127484,0.4463146708758181,1.9949999999999999,4.361051956648026,0.08978843698189212,0.06956996839060098,963,20,Severe_Fault
2004.02.19.03.12.39,0.24749721490699395,0.16235307119876907,1.936,4.004085299834792,0.11966536501132338,0.055255211115174035,964,19,Severe_Fault
2004.02.19.03.22.39,0.2971881006007338,0.4668719209344352,2.271,4.034481721278656,-0.16700413678198536,0.08531183261132436,965,18,Severe_Fault
2004.02.19.03.32.39,0.29165111235496877,0.17370458548626067,2.192,3.984212337731823,-0.02716674849906475,0.07211298472974516,966,17,Severe_Fault
2004.02.19.03.42.39,0.3437355161721363,-0.26454133607088526,2.385,3.6568812482027764,-0.06269775323698136,0.11852817541620664,967,16,Severe_Fault
2004.02.19.03.52.39,0.3148111378891517,-0.25887405123123797,2.1109999999999998,3.44968724037178,0.00787722699192807,0.10768694798232309,968,15,Severe_Fault
2004.02.19.04.02.39,0.3257155681690027,1.5961439154093577,3.9399999999999995,6.999972223671124,-0.12227076376189232,0.0794888472442925,969,14,Severe_Fault
2004.02.19.04.12.39,0.35309010723627615,2.2372547302258763,4.556,7.315412904268693,-0.2796229613719415,0.08091402044689444,970,13,Severe_Fault
2004.02.19.04.22.39,0.429678447916015,6.0228666429516124,6.609,8.45981438685599,-0.08938739103100905,0.10703458977520053,971,12,Severe_Fault
2004.02.19.04.32.39,0.41556983063121816,2.7108349028301966,4.8,6.444163503136625,-0.06558850742323999,0.12299431782181919,972,11,Severe_Fault
2004.02.19.04.42.39,0.37168108658761895,8.78736473241632,6.689,9.333269923729437,-0.0720069162860087,0.061081680790301844,973,10,Severe_Fault
2004.02.19.04.52.39,0.44767279010673977,3.161553346450286,5.193,6.969375846055625,-0.468654951277646,0.17507965696257188,974,9,Severe_Fault
2004.02.19.05.02.39,0.6721374879698163,14.110009232265156,9.998000000000001,7.438954105525198,-0.7660666557271534,0.1464297556799025,975,8,Severe_Fault
2004.02.19.05.12.39,0.530956128967989,9.796460845214698,8.347000000000001,8.00442765057893,-0.416445831645933,0.13328538433231074,976,7,Severe_Fault
2004.02.19.05.22.39,0.4459182473835416,1.624277812551865,5.869,6.875699636049849,-0.1593117319267757,0.11873343161268696,977,6,Severe_Fault
2004.02.19.05.32.39,0.38697483181595205,0.46885747700291747,3.894,5.9874693381281405,-0.12403412787470645,0.092072629883281,978,5,Severe_Fault
2004.02.19.05.42.39,0.7250014697250727,12.577704574521317,9.998000000000001,6.896537648303899,-0.5105564427793186,0.17734220143455734,979,4,Severe_Fault
2004.02.19.05.52.39,0.46201166565273954,3.759971680444238,5.569,6.235773145623786,-0.325367873567202,0.13225265071833073,980,3,Severe_Fault
2004.02.19.06.02.39,0.4838353953514789,4.891755233183495,7.197,7.638961430106725,-0.377095385435107,0.09823032016970228,981,2,Severe_Fault
2004.02.19.06.12.39,0.002103011233921493,3.6375126385863172,0.005,2.377531866702328,0.5796982508442869,0.003713671875000001,982,1,Severe_Fault
2004.02.19.06.22.39,0.001532732063383878,-1.6097740354671497,0.007,3.262127476922868,0.31703227680043783,0.0023239257812500006,983,0,Severe_Fault
